INSERT INTO PUBLIC.GRUPAGORSKA (ID, NAZWAGRUPY) VALUES (1, 'T.01 Tatry Wysokie');
INSERT INTO PUBLIC.GRUPAGORSKA (ID, NAZWAGRUPY) VALUES (2, 'T.02 Tatry Zachodnie');
INSERT INTO PUBLIC.GRUPAGORSKA (ID, NAZWAGRUPY) VALUES (3, 'T.03 Podtatrze Polskie');
INSERT INTO PUBLIC.GRUPAGORSKA (ID, NAZWAGRUPY) VALUES (4, 'BZ.01 Beskid Śląski');
INSERT INTO PUBLIC.GRUPAGORSKA (ID, NAZWAGRUPY) VALUES (5, 'BZ.02 Beskid Żywiecki');
INSERT INTO PUBLIC.GRUPAGORSKA (ID, NAZWAGRUPY) VALUES (6, 'BZ.03 Beskid Mały');
INSERT INTO PUBLIC.GRUPAGORSKA (ID, NAZWAGRUPY) VALUES (7, 'BZ.04 Beskid Średni');
INSERT INTO PUBLIC.GRUPAGORSKA (ID, NAZWAGRUPY) VALUES (8, 'BZ.05 Gorce');
INSERT INTO PUBLIC.GRUPAGORSKA (ID, NAZWAGRUPY) VALUES (9, 'BZ.06 Beskid Wyspowy');
INSERT INTO PUBLIC.GRUPAGORSKA (ID, NAZWAGRUPY) VALUES (10, 'BZ.07 Orawa');
INSERT INTO PUBLIC.GRUPAGORSKA (ID, NAZWAGRUPY) VALUES (11, 'BZ.08 Spisz i Pieniny');
INSERT INTO PUBLIC.GRUPAGORSKA (ID, NAZWAGRUPY) VALUES (12, 'BZ.09 Beskid Sądecki');
INSERT INTO PUBLIC.GRUPAGORSKA (ID, NAZWAGRUPY) VALUES (13, 'BZ.10 Pogórze Wielickie');
INSERT INTO PUBLIC.GRUPAGORSKA (ID, NAZWAGRUPY) VALUES (14, 'BZ.11 Pogórze Wiśnickie');
INSERT INTO PUBLIC.GRUPAGORSKA (ID, NAZWAGRUPY) VALUES (15, 'BW.01 Beskid Niski');
INSERT INTO PUBLIC.GRUPAGORSKA (ID, NAZWAGRUPY) VALUES (16, 'BW.02 Bieszczady');
INSERT INTO PUBLIC.GRUPAGORSKA (ID, NAZWAGRUPY) VALUES (17, 'BW.03 Pogórze Rożnowskie');
INSERT INTO PUBLIC.GRUPAGORSKA (ID, NAZWAGRUPY) VALUES (18, 'BW.04 Pogórze Ciężkowickie');
INSERT INTO PUBLIC.GRUPAGORSKA (ID, NAZWAGRUPY) VALUES (19, 'BW.05 Pogórze Strzyżowskio-Dynowskie');
INSERT INTO PUBLIC.GRUPAGORSKA (ID, NAZWAGRUPY) VALUES (20, 'BW.06 Pogórze Przemyskie');
INSERT INTO PUBLIC.GRUPAGORSKA (ID, NAZWAGRUPY) VALUES (21, 'S.01 Góry Izerskie');
INSERT INTO PUBLIC.GRUPAGORSKA (ID, NAZWAGRUPY) VALUES (22, 'S.02 Pogórze Izerskie');
INSERT INTO PUBLIC.GRUPAGORSKA (ID, NAZWAGRUPY) VALUES (23, 'S.03 Karkonosze');
INSERT INTO PUBLIC.GRUPAGORSKA (ID, NAZWAGRUPY) VALUES (24, 'S.04 Kotlina Jeleniogórska');
INSERT INTO PUBLIC.GRUPAGORSKA (ID, NAZWAGRUPY) VALUES (25, 'S.05 Rudawy Janowickie');
INSERT INTO PUBLIC.GRUPAGORSKA (ID, NAZWAGRUPY) VALUES (26, 'S.06 Góry Kaczawskie');
INSERT INTO PUBLIC.GRUPAGORSKA (ID, NAZWAGRUPY) VALUES (27, 'S.07 Pogórze Kaczawskie');
INSERT INTO PUBLIC.GRUPAGORSKA (ID, NAZWAGRUPY) VALUES (28, 'S.08 Kotlina Kamieniogórska,');
INSERT INTO PUBLIC.GRUPAGORSKA (ID, NAZWAGRUPY) VALUES (29, 'S.09 Góry Kamienne');
INSERT INTO PUBLIC.GRUPAGORSKA (ID, NAZWAGRUPY) VALUES (30, 'S.10 Góry Wałbrzyskie, Pogórze Wałbrzyskie');
INSERT INTO PUBLIC.GRUPAGORSKA (ID, NAZWAGRUPY) VALUES (31, 'S.11 Góry Sowie i Wzgórza Włodzickie');
INSERT INTO PUBLIC.GRUPAGORSKA (ID, NAZWAGRUPY) VALUES (32, 'S.12 Góry Bardzkie');
INSERT INTO PUBLIC.GRUPAGORSKA (ID, NAZWAGRUPY) VALUES (33, 'S.13 Góry Stołowe, Zawory, Wzgórza Ściniawski');
INSERT INTO PUBLIC.GRUPAGORSKA (ID, NAZWAGRUPY) VALUES (34, 'S.14 Góry Orlickie i Góry Bystrzyckie');
INSERT INTO PUBLIC.GRUPAGORSKA (ID, NAZWAGRUPY) VALUES (35, 'S.15 Kotlina Kłodzka, Rów Górnej Nysy');
INSERT INTO PUBLIC.GRUPAGORSKA (ID, NAZWAGRUPY) VALUES (36, 'S.16 Masyw Śnieżnika i Góry Bialskie');
INSERT INTO PUBLIC.GRUPAGORSKA (ID, NAZWAGRUPY) VALUES (37, 'S.17 Góry Złote');
INSERT INTO PUBLIC.GRUPAGORSKA (ID, NAZWAGRUPY) VALUES (38, 'S.18 Góry Opawskie');
INSERT INTO PUBLIC.GRUPAGORSKA (ID, NAZWAGRUPY) VALUES (39, 'S.19 Wzgórza Strzegomskie');
INSERT INTO PUBLIC.GRUPAGORSKA (ID, NAZWAGRUPY) VALUES (40, 'S.20 Masyw Ślęży, Równina Świdnicka');
INSERT INTO PUBLIC.GRUPAGORSKA (ID, NAZWAGRUPY) VALUES (41, 'S.21 Wzgórza Niemczańsko-Strzelińskie');
INSERT INTO PUBLIC.PRZODOWNIK (ID, IMIE, NAZWISKO) VALUES (1, 'Grzegorz', 'Wojciechowski');
INSERT INTO PUBLIC.PRZODOWNIK (ID, IMIE, NAZWISKO) VALUES (2, 'Dominik', 'Adamski');
INSERT INTO PUBLIC.PRZODOWNIK (ID, IMIE, NAZWISKO) VALUES (3, 'Franciszek', 'Rutkowski');
INSERT INTO PUBLIC.PRZODOWNIK (ID, IMIE, NAZWISKO) VALUES (4, 'Mieczysława', 'Wieczorek');
INSERT INTO PUBLIC.PRZODOWNIK (ID, IMIE, NAZWISKO) VALUES (5, 'Dariusz', 'Nowak');
INSERT INTO PUBLIC.PRZODOWNIK (ID, IMIE, NAZWISKO) VALUES (6, 'Tobiasz', 'Majewski');
INSERT INTO PUBLIC.PRZODOWNIK (ID, IMIE, NAZWISKO) VALUES (7, 'Jaropełk', 'Zawadzki');
INSERT INTO PUBLIC.PRZODOWNIK (ID, IMIE, NAZWISKO) VALUES (8, 'Maciej', 'Sobczak');
INSERT INTO PUBLIC.PRZODOWNIK (ID, IMIE, NAZWISKO) VALUES (9, 'Drugi', 'Kaczmarek');
INSERT INTO PUBLIC.PRZODOWNIK (ID, IMIE, NAZWISKO) VALUES (10, 'Bogusława', 'Majewska');
INSERT INTO PUBLIC.PRZODOWNIK (ID, IMIE, NAZWISKO) VALUES (11, 'Lidia', 'Kucharska');
INSERT INTO PUBLIC.PRZODOWNIK (ID, IMIE, NAZWISKO) VALUES (12, 'Rościsława', 'Adamska');
INSERT INTO PUBLIC.PRZODOWNIK (ID, IMIE, NAZWISKO) VALUES (13, 'Bożydar', 'Symanski');
INSERT INTO PUBLIC.PRZODOWNIK (ID, IMIE, NAZWISKO) VALUES (14, 'Jaromir', 'Nowakowski');
INSERT INTO PUBLIC.PRZODOWNIK (ID, IMIE, NAZWISKO) VALUES (15, 'Aleš', 'Kowalczyk');
INSERT INTO PUBLIC.PRZODOWNIK (ID, IMIE, NAZWISKO) VALUES (16, 'Sławomira', 'Kamińska');
INSERT INTO PUBLIC.PRZODOWNIK (ID, IMIE, NAZWISKO) VALUES (17, 'Szczeosny', 'Jaworski');
INSERT INTO PUBLIC.PRZODOWNIK (ID, IMIE, NAZWISKO) VALUES (18, 'Sobiesław', 'Jasiński');
INSERT INTO PUBLIC.PRZODOWNIK (ID, IMIE, NAZWISKO) VALUES (19, 'Jarosława', 'Woźniak');
INSERT INTO PUBLIC.PRZODOWNIK (ID, IMIE, NAZWISKO) VALUES (20, 'Jagoda', 'Sokołowska');
INSERT INTO PUBLIC.PRZODOWNIK (ID, IMIE, NAZWISKO) VALUES (21, 'Racław', 'Borkowski');
INSERT INTO PUBLIC.PRZODOWNIK (ID, IMIE, NAZWISKO) VALUES (22, 'Longin', 'Kowalski');
INSERT INTO PUBLIC.PRZODOWNIK (ID, IMIE, NAZWISKO) VALUES (23, 'Ryszard', 'Grabowski');
INSERT INTO PUBLIC.PRZODOWNIK (ID, IMIE, NAZWISKO) VALUES (24, 'Jolanta', 'Duda');
INSERT INTO PUBLIC.PRZODOWNIK (ID, IMIE, NAZWISKO) VALUES (25, 'Maciej', 'Pawlak');
INSERT INTO PUBLIC.PRZODOWNIK (ID, IMIE, NAZWISKO) VALUES (26, 'Wiola', 'Pawlak');
INSERT INTO PUBLIC.PRZODOWNIK (ID, IMIE, NAZWISKO) VALUES (27, 'Gertruda', 'Król');
INSERT INTO PUBLIC.PRZODOWNIK (ID, IMIE, NAZWISKO) VALUES (28, 'Kunegunda', 'Ostrowska');
INSERT INTO PUBLIC.PRZODOWNIK (ID, IMIE, NAZWISKO) VALUES (29, 'Renard', 'Czarnecki');
INSERT INTO PUBLIC.PRZODOWNIK (ID, IMIE, NAZWISKO) VALUES (30, 'Bogumiła', 'Nowicka');
INSERT INTO PUBLIC.PRZODOWNIK (ID, IMIE, NAZWISKO) VALUES (31, 'Urszula', 'Dudek');
INSERT INTO PUBLIC.PRZODOWNIK (ID, IMIE, NAZWISKO) VALUES (32, 'Malwina', 'Pawłowska');
INSERT INTO PUBLIC.PRZODOWNIK (ID, IMIE, NAZWISKO) VALUES (33, 'Łukasz', 'Jaworski');
INSERT INTO PUBLIC.PRZODOWNIK (ID, IMIE, NAZWISKO) VALUES (34, 'Klimek', 'Sawicki');
INSERT INTO PUBLIC.PRZODOWNIK (ID, IMIE, NAZWISKO) VALUES (35, 'Kaja', 'Grabowska');
INSERT INTO PUBLIC.PRZODOWNIK (ID, IMIE, NAZWISKO) VALUES (36, 'Aron', 'Zawadzki');
INSERT INTO PUBLIC.PUNKTTRASY (ID, NAZWAPUNKTU, SZEROKOSCGEOGRAFICZNA, WYSOKOSC, WYSOKOSCGEOGRAFICZNA) VALUES (1, 'Soszów Wielki', 50.432, 885, 15.4564);
INSERT INTO PUBLIC.PUNKTTRASY (ID, NAZWAPUNKTU, SZEROKOSCGEOGRAFICZNA, WYSOKOSC, WYSOKOSCGEOGRAFICZNA) VALUES (2, 'Orłowa', 50.566, 813, 15.46554);
INSERT INTO PUBLIC.PUNKTTRASY (ID, NAZWAPUNKTU, SZEROKOSCGEOGRAFICZNA, WYSOKOSC, WYSOKOSCGEOGRAFICZNA) VALUES (3, 'Kotarz', 50.324, 985, 15.45645);
INSERT INTO PUBLIC.PUNKTTRASY (ID, NAZWAPUNKTU, SZEROKOSCGEOGRAFICZNA, WYSOKOSC, WYSOKOSCGEOGRAFICZNA) VALUES (4, 'Barania Góra', 50.342, 1220, 15.4545);
INSERT INTO PUBLIC.PUNKTTRASY (ID, NAZWAPUNKTU, SZEROKOSCGEOGRAFICZNA, WYSOKOSC, WYSOKOSCGEOGRAFICZNA) VALUES (5, 'Mała Zabawa', 50.5667, 798, 15.234);
INSERT INTO PUBLIC.PUNKTTRASY (ID, NAZWAPUNKTU, SZEROKOSCGEOGRAFICZNA, WYSOKOSC, WYSOKOSCGEOGRAFICZNA) VALUES (6, 'Magura pod Wielką Raczą', 50.2342, 1073, 15.454);
INSERT INTO PUBLIC.PUNKTTRASY (ID, NAZWAPUNKTU, SZEROKOSCGEOGRAFICZNA, WYSOKOSC, WYSOKOSCGEOGRAFICZNA) VALUES (7, 'Krawców Wierch', 50.3243, 1084, 15.4645);
INSERT INTO PUBLIC.PUNKTTRASY (ID, NAZWAPUNKTU, SZEROKOSCGEOGRAFICZNA, WYSOKOSC, WYSOKOSCGEOGRAFICZNA) VALUES (8, 'Romanka', 50.345, 1366, 15.456);
INSERT INTO PUBLIC.PUNKTTRASY (ID, NAZWAPUNKTU, SZEROKOSCGEOGRAFICZNA, WYSOKOSC, WYSOKOSCGEOGRAFICZNA) VALUES (9, 'Jałowiec', 50.546, 1111, 15.2432);
INSERT INTO PUBLIC.PUNKTTRASY (ID, NAZWAPUNKTU, SZEROKOSCGEOGRAFICZNA, WYSOKOSC, WYSOKOSCGEOGRAFICZNA) VALUES (10, 'Babia Góra', 50.234, 1725, 15.2342);
INSERT INTO PUBLIC.PUNKTTRASY (ID, NAZWAPUNKTU, SZEROKOSCGEOGRAFICZNA, WYSOKOSC, WYSOKOSCGEOGRAFICZNA) VALUES (11, 'Hala Krupowa', 50.235, 1170, 15.32442);
INSERT INTO PUBLIC.PUNKTTRASY (ID, NAZWAPUNKTU, SZEROKOSCGEOGRAFICZNA, WYSOKOSC, WYSOKOSCGEOGRAFICZNA) VALUES (12, 'Pająków Wierch', 50.4525, 934, 15.56567);
INSERT INTO PUBLIC.PUNKTTRASY (ID, NAZWAPUNKTU, SZEROKOSCGEOGRAFICZNA, WYSOKOSC, WYSOKOSCGEOGRAFICZNA) VALUES (13, 'Hrobacza Łąka', 50.7565, 828, 15.234);
INSERT INTO PUBLIC.PUNKTTRASY (ID, NAZWAPUNKTU, SZEROKOSCGEOGRAFICZNA, WYSOKOSC, WYSOKOSCGEOGRAFICZNA) VALUES (14, 'Łamana Skała', 50.90886, 929, 15.67);
INSERT INTO PUBLIC.PUNKTTRASY (ID, NAZWAPUNKTU, SZEROKOSCGEOGRAFICZNA, WYSOKOSC, WYSOKOSCGEOGRAFICZNA) VALUES (15, 'Babica', 50.3243, 728, 15.2343);
INSERT INTO PUBLIC.PUNKTTRASY (ID, NAZWAPUNKTU, SZEROKOSCGEOGRAFICZNA, WYSOKOSC, WYSOKOSCGEOGRAFICZNA) VALUES (16, 'Groń', 50.1231, 810, 15.3453);
INSERT INTO PUBLIC.PUNKTTRASY (ID, NAZWAPUNKTU, SZEROKOSCGEOGRAFICZNA, WYSOKOSC, WYSOKOSCGEOGRAFICZNA) VALUES (17, 'Koskowa Góra', 50.34435, 866, 15.34535);
INSERT INTO PUBLIC.PUNKTTRASY (ID, NAZWAPUNKTU, SZEROKOSCGEOGRAFICZNA, WYSOKOSC, WYSOKOSCGEOGRAFICZNA) VALUES (18, 'Śnieżka', 50.231234, 1603, 15.345435);
INSERT INTO PUBLIC.PUNKTTRASY (ID, NAZWAPUNKTU, SZEROKOSCGEOGRAFICZNA, WYSOKOSC, WYSOKOSCGEOGRAFICZNA) VALUES (19, 'zamek Chojnik', 50.782345, 627, 15.84334);
INSERT INTO PUBLIC.PUNKTTRASY (ID, NAZWAPUNKTU, SZEROKOSCGEOGRAFICZNA, WYSOKOSC, WYSOKOSCGEOGRAFICZNA) VALUES (20, 'Zadzierna', 50.7224, 724, 15.95983);
INSERT INTO PUBLIC.PUNKTTRASY (ID, NAZWAPUNKTU, SZEROKOSCGEOGRAFICZNA, WYSOKOSC, WYSOKOSCGEOGRAFICZNA) VALUES (21, 'Skalnik', 50.809222, 945, 15.901589);
INSERT INTO PUBLIC.PUNKTTRASY (ID, NAZWAPUNKTU, SZEROKOSCGEOGRAFICZNA, WYSOKOSC, WYSOKOSCGEOGRAFICZNA) VALUES (22, 'schr Andrzejówka', 50.2322, 810, 15.43432);
INSERT INTO PUBLIC.PUNKTTRASY (ID, NAZWAPUNKTU, SZEROKOSCGEOGRAFICZNA, WYSOKOSC, WYSOKOSCGEOGRAFICZNA) VALUES (23, 'Gęsia Szyja', 50.3342, 1489, 15.32321);
INSERT INTO PUBLIC.PUNKTTRASY (ID, NAZWAPUNKTU, SZEROKOSCGEOGRAFICZNA, WYSOKOSC, WYSOKOSCGEOGRAFICZNA) VALUES (24, 'Rusinowa Polana', 50.3214, 1220, 15.23234);
INSERT INTO PUBLIC.PUNKTTRASY (ID, NAZWAPUNKTU, SZEROKOSCGEOGRAFICZNA, WYSOKOSC, WYSOKOSCGEOGRAFICZNA) VALUES (25, 'Schronisko PTTK nad Morskim Okiem', 50.2323, 1410, 15.32324);
INSERT INTO PUBLIC.PUNKTTRASY (ID, NAZWAPUNKTU, SZEROKOSCGEOGRAFICZNA, WYSOKOSC, WYSOKOSCGEOGRAFICZNA) VALUES (26, 'Wodogrzmoty Mickiewicza', 50.213321, 1100, 15.23132);
INSERT INTO PUBLIC.PUNKTTRASY (ID, NAZWAPUNKTU, SZEROKOSCGEOGRAFICZNA, WYSOKOSC, WYSOKOSCGEOGRAFICZNA) VALUES (27, 'Schronisko PTTK na Polanie Chochołowskiej', 50.23324, 1146, 15.2323);
INSERT INTO PUBLIC.PUNKTTRASY (ID, NAZWAPUNKTU, SZEROKOSCGEOGRAFICZNA, WYSOKOSC, WYSOKOSCGEOGRAFICZNA) VALUES (28, 'Dolina Jarząbcza', 50.242332, 1265, 15.232432);
INSERT INTO PUBLIC.PUNKTTRASY (ID, NAZWAPUNKTU, SZEROKOSCGEOGRAFICZNA, WYSOKOSC, WYSOKOSCGEOGRAFICZNA) VALUES (29, 'Butorowy Wierch', 50.3242, 1160, 15.2323);
INSERT INTO PUBLIC.PUNKTTRASY (ID, NAZWAPUNKTU, SZEROKOSCGEOGRAFICZNA, WYSOKOSC, WYSOKOSCGEOGRAFICZNA) VALUES (30, 'Palenica Kościeliska', 50.21323, 1183, 15.43324);
INSERT INTO PUBLIC.PUNKTTRASY (ID, NAZWAPUNKTU, SZEROKOSCGEOGRAFICZNA, WYSOKOSC, WYSOKOSCGEOGRAFICZNA) VALUES (31, 'Smrek (TPG Stóg Izerski)', 50.324432, 1124, 15.24332);
INSERT INTO PUBLIC.PUNKTTRASY (ID, NAZWAPUNKTU, SZEROKOSCGEOGRAFICZNA, WYSOKOSC, WYSOKOSCGEOGRAFICZNA) VALUES (32, 'Suchacz', 50.323, 917, 15.231);
INSERT INTO PUBLIC.PUNKTTRASY (ID, NAZWAPUNKTU, SZEROKOSCGEOGRAFICZNA, WYSOKOSC, WYSOKOSCGEOGRAFICZNA) VALUES (33, 'TPG Sowia Przełęcz', 50.2344, 1164, 15.242432);
INSERT INTO PUBLIC.PUNKTTRASY (ID, NAZWAPUNKTU, SZEROKOSCGEOGRAFICZNA, WYSOKOSC, WYSOKOSCGEOGRAFICZNA) VALUES (34, 'Schronisko PTTK Przełęcz Okraj', 50.32432, 1046, 32432);
INSERT INTO PUBLIC.PUNKTTRASY (ID, NAZWAPUNKTU, SZEROKOSCGEOGRAFICZNA, WYSOKOSC, WYSOKOSCGEOGRAFICZNA) VALUES (35, 'Wysoki Groń', 50.2432, 905, 15.22434);
INSERT INTO PUBLIC.PUNKTTRASY (ID, NAZWAPUNKTU, SZEROKOSCGEOGRAFICZNA, WYSOKOSC, WYSOKOSCGEOGRAFICZNA) VALUES (36, 'Przełęcz Łupkowskia', 50.324432, 640, 15.24432);
INSERT INTO PUBLIC.PUNKTTRASY (ID, NAZWAPUNKTU, SZEROKOSCGEOGRAFICZNA, WYSOKOSC, WYSOKOSCGEOGRAFICZNA) VALUES (37, 'Koszarka', 50.234, 794, 15.243432);
INSERT INTO PUBLIC.PUNKTTRASY (ID, NAZWAPUNKTU, SZEROKOSCGEOGRAFICZNA, WYSOKOSC, WYSOKOSCGEOGRAFICZNA) VALUES (38, 'Świnica', 50.3234, 2301, 15.223);
INSERT INTO PUBLIC.PUNKTTRASY (ID, NAZWAPUNKTU, SZEROKOSCGEOGRAFICZNA, WYSOKOSC, WYSOKOSCGEOGRAFICZNA) VALUES (39, 'Skrajny Granat', 50.53423, 2010, 15.32423);
INSERT INTO PUBLIC.PUNKTTRASY (ID, NAZWAPUNKTU, SZEROKOSCGEOGRAFICZNA, WYSOKOSC, WYSOKOSCGEOGRAFICZNA) VALUES (40, 'Przełęcz Zawrat', 50.53423, 1955, 15.32423);
INSERT INTO PUBLIC.SKLADOWYPUNKTTRASY (KOLEJNOSCPUNKTU, TRASA_ID, PUNKTTRASY_ID) VALUES (2, 1, 23);
INSERT INTO PUBLIC.SKLADOWYPUNKTTRASY (KOLEJNOSCPUNKTU, TRASA_ID, PUNKTTRASY_ID) VALUES (1, 1, 24);
INSERT INTO PUBLIC.SKLADOWYPUNKTTRASY (KOLEJNOSCPUNKTU, TRASA_ID, PUNKTTRASY_ID) VALUES (2, 2, 25);
INSERT INTO PUBLIC.SKLADOWYPUNKTTRASY (KOLEJNOSCPUNKTU, TRASA_ID, PUNKTTRASY_ID) VALUES (1, 2, 26);
INSERT INTO PUBLIC.SKLADOWYPUNKTTRASY (KOLEJNOSCPUNKTU, TRASA_ID, PUNKTTRASY_ID) VALUES (2, 3, 27);
INSERT INTO PUBLIC.SKLADOWYPUNKTTRASY (KOLEJNOSCPUNKTU, TRASA_ID, PUNKTTRASY_ID) VALUES (1, 3, 28);
INSERT INTO PUBLIC.SKLADOWYPUNKTTRASY (KOLEJNOSCPUNKTU, TRASA_ID, PUNKTTRASY_ID) VALUES (2, 4, 29);
INSERT INTO PUBLIC.SKLADOWYPUNKTTRASY (KOLEJNOSCPUNKTU, TRASA_ID, PUNKTTRASY_ID) VALUES (1, 4, 30);
INSERT INTO PUBLIC.SKLADOWYPUNKTTRASY (KOLEJNOSCPUNKTU, TRASA_ID, PUNKTTRASY_ID) VALUES (2, 5, 31);
INSERT INTO PUBLIC.SKLADOWYPUNKTTRASY (KOLEJNOSCPUNKTU, TRASA_ID, PUNKTTRASY_ID) VALUES (1, 5, 32);
INSERT INTO PUBLIC.SKLADOWYPUNKTTRASY (KOLEJNOSCPUNKTU, TRASA_ID, PUNKTTRASY_ID) VALUES (2, 6, 33);
INSERT INTO PUBLIC.SKLADOWYPUNKTTRASY (KOLEJNOSCPUNKTU, TRASA_ID, PUNKTTRASY_ID) VALUES (1, 6, 34);
INSERT INTO PUBLIC.SKLADOWYPUNKTTRASY (KOLEJNOSCPUNKTU, TRASA_ID, PUNKTTRASY_ID) VALUES (3, 7, 35);
INSERT INTO PUBLIC.SKLADOWYPUNKTTRASY (KOLEJNOSCPUNKTU, TRASA_ID, PUNKTTRASY_ID) VALUES (1, 7, 36);
INSERT INTO PUBLIC.SKLADOWYPUNKTTRASY (KOLEJNOSCPUNKTU, TRASA_ID, PUNKTTRASY_ID) VALUES (2, 7, 37);
INSERT INTO PUBLIC.SKLADOWYPUNKTTRASY (KOLEJNOSCPUNKTU, TRASA_ID, PUNKTTRASY_ID) VALUES (3, 8, 38);
INSERT INTO PUBLIC.SKLADOWYPUNKTTRASY (KOLEJNOSCPUNKTU, TRASA_ID, PUNKTTRASY_ID) VALUES (1, 8, 39);
INSERT INTO PUBLIC.SKLADOWYPUNKTTRASY (KOLEJNOSCPUNKTU, TRASA_ID, PUNKTTRASY_ID) VALUES (2, 8, 40);
INSERT INTO PUBLIC.TRASA (TYP_TRASY, ID, PUNKTYREGULAMINOWE, DATADODANIA, DATAUSUNIECIA, NAZWA, POPRZEDNIAWERSJAID, GRUPAGORSKA_ID) VALUES ('P', 1, 5, '2018-01-01 00:00:00.000000000', null, 'Gęsia Szyja z Rusinowej Polany', null, 1);
INSERT INTO PUBLIC.TRASA (TYP_TRASY, ID, PUNKTYREGULAMINOWE, DATADODANIA, DATAUSUNIECIA, NAZWA, POPRZEDNIAWERSJAID, GRUPAGORSKA_ID) VALUES ('P', 2, 13, '2018-01-01 00:00:00.000000000', null, 'Schronisko PTTK nad Morskim Okiem z Wodogrzmotów Mickiewicza', null, 1);
INSERT INTO PUBLIC.TRASA (TYP_TRASY, ID, PUNKTYREGULAMINOWE, DATADODANIA, DATAUSUNIECIA, NAZWA, POPRZEDNIAWERSJAID, GRUPAGORSKA_ID) VALUES ('P', 3, 7, '2018-01-01 00:00:00.000000000', null, 'Schronisko PTTK na Polanie Chochołowskiej z Doliny Jarząbczej', null, 2);
INSERT INTO PUBLIC.TRASA (TYP_TRASY, ID, PUNKTYREGULAMINOWE, DATADODANIA, DATAUSUNIECIA, NAZWA, POPRZEDNIAWERSJAID, GRUPAGORSKA_ID) VALUES ('P', 4, 4, '20189-01-01 00:00:00.000000000', null, 'Butorowy Wierch z Palenicy Kościeliskiej', null, 3);
INSERT INTO PUBLIC.TRASA (TYP_TRASY, ID, PUNKTYREGULAMINOWE, DATADODANIA, DATAUSUNIECIA, NAZWA, POPRZEDNIAWERSJAID, GRUPAGORSKA_ID) VALUES ('P', 5, 4, '2018-01-01 00:00:00.000000000', null, 'Smrek z Suchacza', null, 21);
INSERT INTO PUBLIC.TRASA (TYP_TRASY, ID, PUNKTYREGULAMINOWE, DATADODANIA, DATAUSUNIECIA, NAZWA, POPRZEDNIAWERSJAID, GRUPAGORSKA_ID) VALUES ('P', 6, 7, '2018-01-01 00:00:00.000000000', null, 'TPG Sowia Przełęcz ze Schroniska PTTK Przełęcz Okraj (szlak czeski)', null, 23);
INSERT INTO PUBLIC.TRASA (TYP_TRASY, ID, PUNKTYREGULAMINOWE, DATADODANIA, DATAUSUNIECIA, NAZWA, POPRZEDNIAWERSJAID, GRUPAGORSKA_ID) VALUES ('P', 7, 27, '2018-01-01 00:00:00.000000000', null, 'Wysoki Groń	z Przełęczy Łupkowskiej przez Koszarkę', null, 16);
INSERT INTO PUBLIC.TRASA (TYP_TRASY, ID, PUNKTYREGULAMINOWE, DATADODANIA, DATAUSUNIECIA, NAZWA, POPRZEDNIAWERSJAID, GRUPAGORSKA_ID) VALUES ('N', 8, 8, '2019-01-02 00:00:00.000000000', null, null, null, 1);
INSERT INTO PUBLIC.TRASASKLADOWA (ID, STATUS, TRASA_ID, VERIFYPRZODOWNIK_ID, WEDROWKA_ID) VALUES (1, 2, 1, null, 1);
INSERT INTO PUBLIC.TRASASKLADOWA (ID, STATUS, TRASA_ID, VERIFYPRZODOWNIK_ID, WEDROWKA_ID) VALUES (2, 2, 8, null, 2);
INSERT INTO PUBLIC.TRASASKLADOWA (ID, STATUS, TRASA_ID, VERIFYPRZODOWNIK_ID, WEDROWKA_ID) VALUES (3, 2, 3, null, 3);
INSERT INTO PUBLIC.TRASASKLADOWA (ID, STATUS, TRASA_ID, VERIFYPRZODOWNIK_ID, WEDROWKA_ID) VALUES (4, 2, 4, null, 4);
INSERT INTO PUBLIC.TRASASKLADOWA (ID, STATUS, TRASA_ID, VERIFYPRZODOWNIK_ID, WEDROWKA_ID) VALUES (5, 2, 5, null, 5);
INSERT INTO PUBLIC.TRASASKLADOWA (ID, STATUS, TRASA_ID, VERIFYPRZODOWNIK_ID, WEDROWKA_ID) VALUES (6, 2, 6, null, 6);
INSERT INTO PUBLIC.TRASASKLADOWA (ID, STATUS, TRASA_ID, VERIFYPRZODOWNIK_ID, WEDROWKA_ID) VALUES (7, 4, 7, 2, 7);
INSERT INTO PUBLIC.TRASASKLADOWA (ID, STATUS, TRASA_ID, VERIFYPRZODOWNIK_ID, WEDROWKA_ID) VALUES (8, 4, 1, 8, 8);
INSERT INTO PUBLIC.TRASASKLADOWA (ID, STATUS, TRASA_ID, VERIFYPRZODOWNIK_ID, WEDROWKA_ID) VALUES (9, 4, 2, 14, 9);
INSERT INTO PUBLIC.TRASASKLADOWA (ID, STATUS, TRASA_ID, VERIFYPRZODOWNIK_ID, WEDROWKA_ID) VALUES (10, 4, 3, 2, 10);
INSERT INTO PUBLIC.TRASASKLADOWA (ID, STATUS, TRASA_ID, VERIFYPRZODOWNIK_ID, WEDROWKA_ID) VALUES (11, 4, 4, 5, 11);
INSERT INTO PUBLIC.TRASASKLADOWA (ID, STATUS, TRASA_ID, VERIFYPRZODOWNIK_ID, WEDROWKA_ID) VALUES (12, 4, 5, 7, 12);
INSERT INTO PUBLIC.TRASASKLADOWA (ID, STATUS, TRASA_ID, VERIFYPRZODOWNIK_ID, WEDROWKA_ID) VALUES (13, 4, 6, 17, 13);
INSERT INTO PUBLIC.TRASASKLADOWA (ID, STATUS, TRASA_ID, VERIFYPRZODOWNIK_ID, WEDROWKA_ID) VALUES (14, 4, 1, 8, 8);
INSERT INTO PUBLIC.TRASASKLADOWA (ID, STATUS, TRASA_ID, VERIFYPRZODOWNIK_ID, WEDROWKA_ID) VALUES (15, 4, 2, 14, 9);
INSERT INTO PUBLIC.TRASASKLADOWA (ID, STATUS, TRASA_ID, VERIFYPRZODOWNIK_ID, WEDROWKA_ID) VALUES (16, 4, 3, 2, 10);
INSERT INTO PUBLIC.TRASASKLADOWA (ID, STATUS, TRASA_ID, VERIFYPRZODOWNIK_ID, WEDROWKA_ID) VALUES (17, 4, 4, 5, 11);
INSERT INTO PUBLIC.TRASASKLADOWA (ID, STATUS, TRASA_ID, VERIFYPRZODOWNIK_ID, WEDROWKA_ID) VALUES (18, 4, 5, 7, 12);
INSERT INTO PUBLIC.TRASASKLADOWA (ID, STATUS, TRASA_ID, VERIFYPRZODOWNIK_ID, WEDROWKA_ID) VALUES (19, 4, 6, 17, 13);
INSERT INTO PUBLIC.TURYSTA (ID, IMIE, NAZWISKO, ZGROMADZONEPUNKTY) VALUES (1, 'Wera', 'Borkowska', 776);
INSERT INTO PUBLIC.TURYSTA (ID, IMIE, NAZWISKO, ZGROMADZONEPUNKTY) VALUES (2, 'Celestyna', 'Symanska', 657);
INSERT INTO PUBLIC.TURYSTA (ID, IMIE, NAZWISKO, ZGROMADZONEPUNKTY) VALUES (3, 'Szczęsny', 'Maciejewski', 596);
INSERT INTO PUBLIC.TURYSTA (ID, IMIE, NAZWISKO, ZGROMADZONEPUNKTY) VALUES (4, 'Roman', 'Kowalczyk', 944);
INSERT INTO PUBLIC.TURYSTA (ID, IMIE, NAZWISKO, ZGROMADZONEPUNKTY) VALUES (5, 'Iwo', 'Walczak', 860);
INSERT INTO PUBLIC.TURYSTA (ID, IMIE, NAZWISKO, ZGROMADZONEPUNKTY) VALUES (6, 'Natasza', 'Nowakowska', 696);
INSERT INTO PUBLIC.TURYSTA (ID, IMIE, NAZWISKO, ZGROMADZONEPUNKTY) VALUES (7, 'Zygmunt', 'Gorski', 86);
INSERT INTO PUBLIC.TURYSTA (ID, IMIE, NAZWISKO, ZGROMADZONEPUNKTY) VALUES (8, 'Klaudiusz', 'Sawicki', 951);
INSERT INTO PUBLIC.TURYSTA (ID, IMIE, NAZWISKO, ZGROMADZONEPUNKTY) VALUES (9, 'Malwina', 'Nowicka', 515);
INSERT INTO PUBLIC.TURYSTA (ID, IMIE, NAZWISKO, ZGROMADZONEPUNKTY) VALUES (10, 'Ruta', 'Kalinowska', 502);
INSERT INTO PUBLIC.TURYSTA (ID, IMIE, NAZWISKO, ZGROMADZONEPUNKTY) VALUES (11, 'Jurek', 'Pawłowski', 93);
INSERT INTO PUBLIC.TURYSTA (ID, IMIE, NAZWISKO, ZGROMADZONEPUNKTY) VALUES (12, 'Stefcia', 'Chmielewska', 236);
INSERT INTO PUBLIC.TURYSTA (ID, IMIE, NAZWISKO, ZGROMADZONEPUNKTY) VALUES (13, 'Malina', 'Nowakowska', 602);
INSERT INTO PUBLIC.TURYSTA (ID, IMIE, NAZWISKO, ZGROMADZONEPUNKTY) VALUES (14, 'Rafał', 'Woźniak', 255);
INSERT INTO PUBLIC.TURYSTA (ID, IMIE, NAZWISKO, ZGROMADZONEPUNKTY) VALUES (15, 'Wisław', 'Sawicki', 978);
INSERT INTO PUBLIC.TURYSTA (ID, IMIE, NAZWISKO, ZGROMADZONEPUNKTY) VALUES (16, 'Anka', 'Grabowska', 872);
INSERT INTO PUBLIC.TURYSTA (ID, IMIE, NAZWISKO, ZGROMADZONEPUNKTY) VALUES (17, 'Marian', 'Dudek', 501);
INSERT INTO PUBLIC.TURYSTA (ID, IMIE, NAZWISKO, ZGROMADZONEPUNKTY) VALUES (18, 'Krystian', 'Borkowski', 494);
INSERT INTO PUBLIC.TURYSTA (ID, IMIE, NAZWISKO, ZGROMADZONEPUNKTY) VALUES (19, 'Bożena', 'Szczepańska', 431);
INSERT INTO PUBLIC.TURYSTA (ID, IMIE, NAZWISKO, ZGROMADZONEPUNKTY) VALUES (20, 'Marzena', 'Borkowska', 201);
INSERT INTO PUBLIC.TURYSTA (ID, IMIE, NAZWISKO, ZGROMADZONEPUNKTY) VALUES (21, 'Wincenty', 'Adamski', 65);
INSERT INTO PUBLIC.TURYSTA (ID, IMIE, NAZWISKO, ZGROMADZONEPUNKTY) VALUES (22, 'Cezar', 'Pawłowski', 754);
INSERT INTO PUBLIC.TURYSTA (ID, IMIE, NAZWISKO, ZGROMADZONEPUNKTY) VALUES (23, 'Ludwika', 'Maciejewska', 122);
INSERT INTO PUBLIC.TURYSTA (ID, IMIE, NAZWISKO, ZGROMADZONEPUNKTY) VALUES (24, 'Danuta', 'Król', 84);
INSERT INTO PUBLIC.TURYSTA (ID, IMIE, NAZWISKO, ZGROMADZONEPUNKTY) VALUES (25, 'Szczeosny', 'Szczepański', 81);
INSERT INTO PUBLIC.TURYSTA (ID, IMIE, NAZWISKO, ZGROMADZONEPUNKTY) VALUES (26, 'Wisław', 'Sokołowski', 24);
INSERT INTO PUBLIC.TURYSTA (ID, IMIE, NAZWISKO, ZGROMADZONEPUNKTY) VALUES (27, 'Egidiusz', 'Kowalski', 785);
INSERT INTO PUBLIC.TURYSTA (ID, IMIE, NAZWISKO, ZGROMADZONEPUNKTY) VALUES (28, 'Andrzej', 'Kalinowski', 963);
INSERT INTO PUBLIC.TURYSTA (ID, IMIE, NAZWISKO, ZGROMADZONEPUNKTY) VALUES (29, 'Marceli', 'Gorski', 253);
INSERT INTO PUBLIC.TURYSTA (ID, IMIE, NAZWISKO, ZGROMADZONEPUNKTY) VALUES (30, 'Iwona', 'Kamińska', 833);
INSERT INTO PUBLIC.TURYSTA (ID, IMIE, NAZWISKO, ZGROMADZONEPUNKTY) VALUES (31, 'Wisław', 'Kalinowski', 284);
INSERT INTO PUBLIC.TURYSTA (ID, IMIE, NAZWISKO, ZGROMADZONEPUNKTY) VALUES (32, 'Sobiesław', 'Piotrowski', 254);
INSERT INTO PUBLIC.TURYSTA (ID, IMIE, NAZWISKO, ZGROMADZONEPUNKTY) VALUES (33, 'Cezar', 'Pawłowski', 131);
INSERT INTO PUBLIC.TURYSTA (ID, IMIE, NAZWISKO, ZGROMADZONEPUNKTY) VALUES (34, 'Cibor', 'Jaworski', 238);
INSERT INTO PUBLIC.TURYSTA (ID, IMIE, NAZWISKO, ZGROMADZONEPUNKTY) VALUES (35, 'Rościsława', 'Wiśniewska', 173);
INSERT INTO PUBLIC.TURYSTA (ID, IMIE, NAZWISKO, ZGROMADZONEPUNKTY) VALUES (36, 'Serafina', 'Jabłońska', 672);
INSERT INTO PUBLIC.TURYSTA (ID, IMIE, NAZWISKO, ZGROMADZONEPUNKTY) VALUES (37, 'Radzimierz', 'Zawadzki', 964);
INSERT INTO PUBLIC.TURYSTA (ID, IMIE, NAZWISKO, ZGROMADZONEPUNKTY) VALUES (38, 'Idzi', 'Jaworski', 57);
INSERT INTO PUBLIC.TURYSTA (ID, IMIE, NAZWISKO, ZGROMADZONEPUNKTY) VALUES (39, 'Jarogniew', 'Kowalski', 650);
INSERT INTO PUBLIC.TURYSTA (ID, IMIE, NAZWISKO, ZGROMADZONEPUNKTY) VALUES (40, 'Beatrycze', 'Wiśniewska', 586);
INSERT INTO PUBLIC.TURYSTA (ID, IMIE, NAZWISKO, ZGROMADZONEPUNKTY) VALUES (41, 'Agnieszka', 'Woźniak', 317);
INSERT INTO PUBLIC.TURYSTA (ID, IMIE, NAZWISKO, ZGROMADZONEPUNKTY) VALUES (42, 'Roman', 'Duda', 802);
INSERT INTO PUBLIC.TURYSTA (ID, IMIE, NAZWISKO, ZGROMADZONEPUNKTY) VALUES (43, 'Wiola', 'Kaczmarek', 262);
INSERT INTO PUBLIC.TURYSTA (ID, IMIE, NAZWISKO, ZGROMADZONEPUNKTY) VALUES (44, 'Karina', 'Duda', 316);
INSERT INTO PUBLIC.TURYSTA (ID, IMIE, NAZWISKO, ZGROMADZONEPUNKTY) VALUES (45, 'Mikolaj', 'Pawłowski', 710);
INSERT INTO PUBLIC.TURYSTA (ID, IMIE, NAZWISKO, ZGROMADZONEPUNKTY) VALUES (46, 'Jacek', 'Majewski', 96);
INSERT INTO PUBLIC.TURYSTA (ID, IMIE, NAZWISKO, ZGROMADZONEPUNKTY) VALUES (47, 'Dobromił', 'Kowalski', 488);
INSERT INTO PUBLIC.TURYSTA (ID, IMIE, NAZWISKO, ZGROMADZONEPUNKTY) VALUES (48, 'Krystyna', 'Zając', 417);
INSERT INTO PUBLIC.TURYSTA (ID, IMIE, NAZWISKO, ZGROMADZONEPUNKTY) VALUES (49, 'Lechosław', 'Kalinowski', 450);
INSERT INTO PUBLIC.TURYSTA (ID, IMIE, NAZWISKO, ZGROMADZONEPUNKTY) VALUES (50, 'Włodzimierz', 'Kaczmarek', 414);
INSERT INTO PUBLIC.TURYSTA (ID, IMIE, NAZWISKO, ZGROMADZONEPUNKTY) VALUES (51, 'Brygida', 'Woźniak', 202);
INSERT INTO PUBLIC.TURYSTA (ID, IMIE, NAZWISKO, ZGROMADZONEPUNKTY) VALUES (52, 'Wawrzyniec', 'Wysocki', 719);
INSERT INTO PUBLIC.TURYSTA (ID, IMIE, NAZWISKO, ZGROMADZONEPUNKTY) VALUES (53, 'Metody', 'Chmielewski', 416);
INSERT INTO PUBLIC.TURYSTA (ID, IMIE, NAZWISKO, ZGROMADZONEPUNKTY) VALUES (54, 'Krzyś', 'Jasiński', 642);
INSERT INTO PUBLIC.TURYSTA (ID, IMIE, NAZWISKO, ZGROMADZONEPUNKTY) VALUES (55, 'Ewa', 'Kozłowska', 660);
INSERT INTO PUBLIC.TURYSTA (ID, IMIE, NAZWISKO, ZGROMADZONEPUNKTY) VALUES (56, 'Małgorzata', 'Wojciechowska', 148);
INSERT INTO PUBLIC.TURYSTA (ID, IMIE, NAZWISKO, ZGROMADZONEPUNKTY) VALUES (57, 'Szczepan', 'Jasiński', 922);
INSERT INTO PUBLIC.TURYSTA (ID, IMIE, NAZWISKO, ZGROMADZONEPUNKTY) VALUES (58, 'Konstanty', 'Kamiński', 973);
INSERT INTO PUBLIC.TURYSTA (ID, IMIE, NAZWISKO, ZGROMADZONEPUNKTY) VALUES (59, 'Bartosz', 'Jasiński', 418);
INSERT INTO PUBLIC.TURYSTA (ID, IMIE, NAZWISKO, ZGROMADZONEPUNKTY) VALUES (60, 'Bolesław', 'Jaworski', 630);
INSERT INTO PUBLIC.TURYSTA (ID, IMIE, NAZWISKO, ZGROMADZONEPUNKTY) VALUES (61, 'Franciszek', 'Dudek', 429);
INSERT INTO PUBLIC.TURYSTA (ID, IMIE, NAZWISKO, ZGROMADZONEPUNKTY) VALUES (62, 'Lucyna', 'Sawicka', 400);
INSERT INTO PUBLIC.TURYSTA (ID, IMIE, NAZWISKO, ZGROMADZONEPUNKTY) VALUES (63, 'Wojciecha', 'Nowicka', 750);
INSERT INTO PUBLIC.TURYSTA (ID, IMIE, NAZWISKO, ZGROMADZONEPUNKTY) VALUES (64, 'Wacława', 'Adamska', 62);
INSERT INTO PUBLIC.TURYSTA (ID, IMIE, NAZWISKO, ZGROMADZONEPUNKTY) VALUES (65, 'Julitta', 'Kozłowska', 169);
INSERT INTO PUBLIC.TURYSTA (ID, IMIE, NAZWISKO, ZGROMADZONEPUNKTY) VALUES (66, 'Wiesław', 'Rutkowski', 861);
INSERT INTO PUBLIC.TURYSTA (ID, IMIE, NAZWISKO, ZGROMADZONEPUNKTY) VALUES (67, 'Bazyli', 'Kowalczyk', 473);
INSERT INTO PUBLIC.TURYSTA (ID, IMIE, NAZWISKO, ZGROMADZONEPUNKTY) VALUES (68, 'Bartłomiej', 'Kalinowski', 395);
INSERT INTO PUBLIC.TURYSTA (ID, IMIE, NAZWISKO, ZGROMADZONEPUNKTY) VALUES (69, 'Sławomira', 'Nowicka', 953);
INSERT INTO PUBLIC.TURYSTA (ID, IMIE, NAZWISKO, ZGROMADZONEPUNKTY) VALUES (70, 'Agnieszka', 'Dudek', 855);
INSERT INTO PUBLIC.TURYSTA (ID, IMIE, NAZWISKO, ZGROMADZONEPUNKTY) VALUES (71, 'Eustachy', 'Grabowski', 699);
INSERT INTO PUBLIC.TURYSTA (ID, IMIE, NAZWISKO, ZGROMADZONEPUNKTY) VALUES (72, 'Luiza', 'Gorska', 594);
INSERT INTO PUBLIC.TURYSTA (ID, IMIE, NAZWISKO, ZGROMADZONEPUNKTY) VALUES (73, 'Weronika', 'Sawicka', 603);
INSERT INTO PUBLIC.TURYSTA (ID, IMIE, NAZWISKO, ZGROMADZONEPUNKTY) VALUES (74, 'Renard', 'Nowakowski', 531);
INSERT INTO PUBLIC.TURYSTA (ID, IMIE, NAZWISKO, ZGROMADZONEPUNKTY) VALUES (75, 'Urszula', 'Chmielewska', 216);
INSERT INTO PUBLIC.TURYSTA (ID, IMIE, NAZWISKO, ZGROMADZONEPUNKTY) VALUES (76, 'Tobiasz', 'Kaczmarek', 815);
INSERT INTO PUBLIC.TURYSTA (ID, IMIE, NAZWISKO, ZGROMADZONEPUNKTY) VALUES (77, 'Sobiesław', 'Ostrowski', 793);
INSERT INTO PUBLIC.TURYSTA (ID, IMIE, NAZWISKO, ZGROMADZONEPUNKTY) VALUES (78, 'Jarosława', 'Nowakowska', 996);
INSERT INTO PUBLIC.TURYSTA (ID, IMIE, NAZWISKO, ZGROMADZONEPUNKTY) VALUES (79, 'Miłogost', 'Wiśniewski', 399);
INSERT INTO PUBLIC.TURYSTA (ID, IMIE, NAZWISKO, ZGROMADZONEPUNKTY) VALUES (80, 'Wojciech', 'Zielinski', 881);
INSERT INTO PUBLIC.TURYSTA (ID, IMIE, NAZWISKO, ZGROMADZONEPUNKTY) VALUES (81, 'Malwina', 'Sawicka', 514);
INSERT INTO PUBLIC.TURYSTA (ID, IMIE, NAZWISKO, ZGROMADZONEPUNKTY) VALUES (82, 'Szczeosny', 'Wiśniewski', 463);
INSERT INTO PUBLIC.TURYSTA (ID, IMIE, NAZWISKO, ZGROMADZONEPUNKTY) VALUES (83, 'Małgorzata', 'Zawadzka', 747);
INSERT INTO PUBLIC.TURYSTA (ID, IMIE, NAZWISKO, ZGROMADZONEPUNKTY) VALUES (84, 'Bratumił', 'Zając', 387);
INSERT INTO PUBLIC.TURYSTA (ID, IMIE, NAZWISKO, ZGROMADZONEPUNKTY) VALUES (85, 'Przemysł', 'Chmielewski', 63);
INSERT INTO PUBLIC.TURYSTA (ID, IMIE, NAZWISKO, ZGROMADZONEPUNKTY) VALUES (86, 'Witołd', 'Sawicki', 989);
INSERT INTO PUBLIC.TURYSTA (ID, IMIE, NAZWISKO, ZGROMADZONEPUNKTY) VALUES (87, 'Leokadia', 'Pawłowska', 984);
INSERT INTO PUBLIC.TURYSTA (ID, IMIE, NAZWISKO, ZGROMADZONEPUNKTY) VALUES (88, 'Wisia', 'Kozłowska', 380);
INSERT INTO PUBLIC.TURYSTA (ID, IMIE, NAZWISKO, ZGROMADZONEPUNKTY) VALUES (89, 'Eustachy', 'Borkowski', 60);
INSERT INTO PUBLIC.TURYSTA (ID, IMIE, NAZWISKO, ZGROMADZONEPUNKTY) VALUES (90, 'Włodzimierz', 'Chmielewski', 879);
INSERT INTO PUBLIC.TURYSTA (ID, IMIE, NAZWISKO, ZGROMADZONEPUNKTY) VALUES (91, 'Jowita', 'Sobczak', 668);
INSERT INTO PUBLIC.TURYSTA (ID, IMIE, NAZWISKO, ZGROMADZONEPUNKTY) VALUES (92, 'Jerzy', 'Jabłoński', 666);
INSERT INTO PUBLIC.TURYSTA (ID, IMIE, NAZWISKO, ZGROMADZONEPUNKTY) VALUES (93, 'Celestyna', 'Kucharska', 411);
INSERT INTO PUBLIC.TURYSTA (ID, IMIE, NAZWISKO, ZGROMADZONEPUNKTY) VALUES (94, 'Jarosława', 'Jabłońska', 42);
INSERT INTO PUBLIC.TURYSTA (ID, IMIE, NAZWISKO, ZGROMADZONEPUNKTY) VALUES (95, 'Marian', 'Czerwinski', 997);
INSERT INTO PUBLIC.TURYSTA (ID, IMIE, NAZWISKO, ZGROMADZONEPUNKTY) VALUES (96, 'Jarosława', 'Adamska', 778);
INSERT INTO PUBLIC.TURYSTA (ID, IMIE, NAZWISKO, ZGROMADZONEPUNKTY) VALUES (97, 'Ireneusz', 'Sokołowski', 720);
INSERT INTO PUBLIC.TURYSTA (ID, IMIE, NAZWISKO, ZGROMADZONEPUNKTY) VALUES (98, 'Mieczysława', 'Kalinowska', 250);
INSERT INTO PUBLIC.TURYSTA (ID, IMIE, NAZWISKO, ZGROMADZONEPUNKTY) VALUES (99, 'Mirosław', 'Nowakowski', 462);
INSERT INTO PUBLIC.TURYSTA (ID, IMIE, NAZWISKO, ZGROMADZONEPUNKTY) VALUES (100, 'Bronisław', 'Zielinski', 779);
INSERT INTO PUBLIC.TURYSTA (ID, IMIE, NAZWISKO, ZGROMADZONEPUNKTY) VALUES (101, 'Hipolit', 'Sawicki', 673);
INSERT INTO PUBLIC.TURYSTA (ID, IMIE, NAZWISKO, ZGROMADZONEPUNKTY) VALUES (102, 'Teofil', 'Sokołowski', 342);
INSERT INTO PUBLIC.TURYSTA (ID, IMIE, NAZWISKO, ZGROMADZONEPUNKTY) VALUES (103, 'Ruta', 'Jabłońska', 459);
INSERT INTO PUBLIC.TURYSTA (ID, IMIE, NAZWISKO, ZGROMADZONEPUNKTY) VALUES (104, 'Hanna', 'Olszewska', 521);
INSERT INTO PUBLIC.TURYSTA (ID, IMIE, NAZWISKO, ZGROMADZONEPUNKTY) VALUES (105, 'Zuzanna', 'Kowalska', 518);
INSERT INTO PUBLIC.TURYSTA (ID, IMIE, NAZWISKO, ZGROMADZONEPUNKTY) VALUES (106, 'Ela', 'Sokołowska', 945);
INSERT INTO PUBLIC.TURYSTA (ID, IMIE, NAZWISKO, ZGROMADZONEPUNKTY) VALUES (107, 'Mieczysław', 'Wysocki', 356);
INSERT INTO PUBLIC.TURYSTA (ID, IMIE, NAZWISKO, ZGROMADZONEPUNKTY) VALUES (108, 'Izabella', 'Wieczorek', 61);
INSERT INTO PUBLIC.TURYSTA (ID, IMIE, NAZWISKO, ZGROMADZONEPUNKTY) VALUES (109, 'Józefa', 'Czarnecka', 120);
INSERT INTO PUBLIC.TURYSTA (ID, IMIE, NAZWISKO, ZGROMADZONEPUNKTY) VALUES (110, 'Henio', 'Majewski', 669);
INSERT INTO PUBLIC.TURYSTA (ID, IMIE, NAZWISKO, ZGROMADZONEPUNKTY) VALUES (111, 'Martyna', 'Borkowska', 454);
INSERT INTO PUBLIC.TURYSTA (ID, IMIE, NAZWISKO, ZGROMADZONEPUNKTY) VALUES (112, 'Julitta', 'Kamińska', 528);
INSERT INTO PUBLIC.TURYSTA (ID, IMIE, NAZWISKO, ZGROMADZONEPUNKTY) VALUES (113, 'Patrycja', 'Dąbrowski', 647);
INSERT INTO PUBLIC.TURYSTA (ID, IMIE, NAZWISKO, ZGROMADZONEPUNKTY) VALUES (114, 'Renard', 'Woźniak', 532);
INSERT INTO PUBLIC.TURYSTA (ID, IMIE, NAZWISKO, ZGROMADZONEPUNKTY) VALUES (115, 'Władysława', 'Dąbrowski', 80);
INSERT INTO PUBLIC.TURYSTA (ID, IMIE, NAZWISKO, ZGROMADZONEPUNKTY) VALUES (116, 'Bartłomiej', 'Czarnecki', 841);
INSERT INTO PUBLIC.TURYSTA (ID, IMIE, NAZWISKO, ZGROMADZONEPUNKTY) VALUES (117, 'Bogumiła', 'Tomaszewska', 503);
INSERT INTO PUBLIC.TURYSTA (ID, IMIE, NAZWISKO, ZGROMADZONEPUNKTY) VALUES (118, 'Lidia', 'Borkowska', 722);
INSERT INTO PUBLIC.TURYSTA (ID, IMIE, NAZWISKO, ZGROMADZONEPUNKTY) VALUES (119, 'Maryla', 'Rutkowska', 919);
INSERT INTO PUBLIC.TURYSTA (ID, IMIE, NAZWISKO, ZGROMADZONEPUNKTY) VALUES (120, 'Radosław', 'Borkowski', 734);
INSERT INTO PUBLIC.TURYSTA (ID, IMIE, NAZWISKO, ZGROMADZONEPUNKTY) VALUES (121, 'Radosław', 'Kalinowski', 34);
INSERT INTO PUBLIC.TURYSTA (ID, IMIE, NAZWISKO, ZGROMADZONEPUNKTY) VALUES (122, 'Dominika', 'Dudek', 496);
INSERT INTO PUBLIC.TURYSTA (ID, IMIE, NAZWISKO, ZGROMADZONEPUNKTY) VALUES (123, 'Bolesława', 'Dąbrowski', 800);
INSERT INTO PUBLIC.TURYSTA (ID, IMIE, NAZWISKO, ZGROMADZONEPUNKTY) VALUES (124, 'Barbara', 'Dudek', 332);
INSERT INTO PUBLIC.TURYSTA (ID, IMIE, NAZWISKO, ZGROMADZONEPUNKTY) VALUES (125, 'Edyta', 'Borkowska', 651);
INSERT INTO PUBLIC.TURYSTA (ID, IMIE, NAZWISKO, ZGROMADZONEPUNKTY) VALUES (126, 'Ksenia', 'Dudek', 167);
INSERT INTO PUBLIC.TURYSTA (ID, IMIE, NAZWISKO, ZGROMADZONEPUNKTY) VALUES (127, 'Jadwiga', 'Gorska', 297);
INSERT INTO PUBLIC.TURYSTA (ID, IMIE, NAZWISKO, ZGROMADZONEPUNKTY) VALUES (128, 'Piotr', 'Dąbrowski', 489);
INSERT INTO PUBLIC.TURYSTA (ID, IMIE, NAZWISKO, ZGROMADZONEPUNKTY) VALUES (129, 'Karolina', 'Czarnecka', 177);
INSERT INTO PUBLIC.TURYSTA (ID, IMIE, NAZWISKO, ZGROMADZONEPUNKTY) VALUES (130, 'Mariusz', 'Kowalczyk', 31);
INSERT INTO PUBLIC.TURYSTA (ID, IMIE, NAZWISKO, ZGROMADZONEPUNKTY) VALUES (131, 'Zofia', 'Zawadzka', 810);
INSERT INTO PUBLIC.TURYSTA (ID, IMIE, NAZWISKO, ZGROMADZONEPUNKTY) VALUES (132, 'Jadzia', 'Kowalczyk', 687);
INSERT INTO PUBLIC.TURYSTA (ID, IMIE, NAZWISKO, ZGROMADZONEPUNKTY) VALUES (133, 'Zbigniew', 'Sokołowski', 634);
INSERT INTO PUBLIC.TURYSTA (ID, IMIE, NAZWISKO, ZGROMADZONEPUNKTY) VALUES (134, 'Hajnrich', 'Chmielewski', 579);
INSERT INTO PUBLIC.TURYSTA (ID, IMIE, NAZWISKO, ZGROMADZONEPUNKTY) VALUES (135, 'Bożena', 'Sobczak', 188);
INSERT INTO PUBLIC.TURYSTA (ID, IMIE, NAZWISKO, ZGROMADZONEPUNKTY) VALUES (136, 'Marik', 'Szczepański', 601);
INSERT INTO PUBLIC.TURYSTA (ID, IMIE, NAZWISKO, ZGROMADZONEPUNKTY) VALUES (137, 'Ela', 'Król', 412);
INSERT INTO PUBLIC.TURYSTA (ID, IMIE, NAZWISKO, ZGROMADZONEPUNKTY) VALUES (138, 'Lechosław', 'Czerwinski', 432);
INSERT INTO PUBLIC.TURYSTA (ID, IMIE, NAZWISKO, ZGROMADZONEPUNKTY) VALUES (139, 'Iwan', 'Sobczak', 205);
INSERT INTO PUBLIC.TURYSTA (ID, IMIE, NAZWISKO, ZGROMADZONEPUNKTY) VALUES (140, 'Małgorzata', 'Majewska', 691);
INSERT INTO PUBLIC.TURYSTA (ID, IMIE, NAZWISKO, ZGROMADZONEPUNKTY) VALUES (141, 'Jerzy', 'Zielinski', 339);
INSERT INTO PUBLIC.TURYSTA (ID, IMIE, NAZWISKO, ZGROMADZONEPUNKTY) VALUES (142, 'Stefania', 'Dudek', 656);
INSERT INTO PUBLIC.TURYSTA (ID, IMIE, NAZWISKO, ZGROMADZONEPUNKTY) VALUES (143, 'Zdzisława', 'Walczak', 329);
INSERT INTO PUBLIC.TURYSTA (ID, IMIE, NAZWISKO, ZGROMADZONEPUNKTY) VALUES (144, 'Stanisława', 'Woźniak', 714);
INSERT INTO PUBLIC.TURYSTA (ID, IMIE, NAZWISKO, ZGROMADZONEPUNKTY) VALUES (145, 'Eligia', 'Jasińska', 925);
INSERT INTO PUBLIC.TURYSTA (ID, IMIE, NAZWISKO, ZGROMADZONEPUNKTY) VALUES (146, 'Eliasz', 'Tomaszewski', 625);
INSERT INTO PUBLIC.TURYSTA (ID, IMIE, NAZWISKO, ZGROMADZONEPUNKTY) VALUES (147, 'Sulisław', 'Kucharski', 522);
INSERT INTO PUBLIC.TURYSTA (ID, IMIE, NAZWISKO, ZGROMADZONEPUNKTY) VALUES (148, 'Luiza', 'Kamińska', 139);
INSERT INTO PUBLIC.TURYSTA (ID, IMIE, NAZWISKO, ZGROMADZONEPUNKTY) VALUES (149, 'Krystian', 'Woźniak', 544);
INSERT INTO PUBLIC.TURYSTA (ID, IMIE, NAZWISKO, ZGROMADZONEPUNKTY) VALUES (150, 'Cecylia', 'Wieczorek', 983);
INSERT INTO PUBLIC.TURYSTA (ID, IMIE, NAZWISKO, ZGROMADZONEPUNKTY) VALUES (151, 'Karolina', 'Kalinowska', 627);
INSERT INTO PUBLIC.TURYSTA (ID, IMIE, NAZWISKO, ZGROMADZONEPUNKTY) VALUES (152, 'Martyna', 'Kwiatkowska', 41);
INSERT INTO PUBLIC.TURYSTA (ID, IMIE, NAZWISKO, ZGROMADZONEPUNKTY) VALUES (153, 'Cecylia', 'Chmielewska', 882);
INSERT INTO PUBLIC.TURYSTA (ID, IMIE, NAZWISKO, ZGROMADZONEPUNKTY) VALUES (154, 'Sylwester', 'Maciejewski', 568);
INSERT INTO PUBLIC.TURYSTA (ID, IMIE, NAZWISKO, ZGROMADZONEPUNKTY) VALUES (155, 'Malwina', 'Dąbrowski', 830);
INSERT INTO PUBLIC.TURYSTA (ID, IMIE, NAZWISKO, ZGROMADZONEPUNKTY) VALUES (156, 'Juliusz', 'Kwiatkowski', 370);
INSERT INTO PUBLIC.TURYSTA (ID, IMIE, NAZWISKO, ZGROMADZONEPUNKTY) VALUES (157, 'Jarosława', 'Duda', 539);
INSERT INTO PUBLIC.TURYSTA (ID, IMIE, NAZWISKO, ZGROMADZONEPUNKTY) VALUES (158, 'Jadwiga', 'Jabłońska', 257);
INSERT INTO PUBLIC.TURYSTA (ID, IMIE, NAZWISKO, ZGROMADZONEPUNKTY) VALUES (159, 'Marzena', 'Sawicka', 71);
INSERT INTO PUBLIC.TURYSTA (ID, IMIE, NAZWISKO, ZGROMADZONEPUNKTY) VALUES (160, 'Włodzisław', 'Sobczak', 906);
INSERT INTO PUBLIC.TURYSTA (ID, IMIE, NAZWISKO, ZGROMADZONEPUNKTY) VALUES (161, 'Zofia', 'Symanska', 939);
INSERT INTO PUBLIC.TURYSTA (ID, IMIE, NAZWISKO, ZGROMADZONEPUNKTY) VALUES (162, 'Marian', 'Adamski', 90);
INSERT INTO PUBLIC.TURYSTA (ID, IMIE, NAZWISKO, ZGROMADZONEPUNKTY) VALUES (163, 'Radosław', 'Czarnecki', 974);
INSERT INTO PUBLIC.TURYSTA (ID, IMIE, NAZWISKO, ZGROMADZONEPUNKTY) VALUES (164, 'Ksawery', 'Michalski', 392);
INSERT INTO PUBLIC.TURYSTA (ID, IMIE, NAZWISKO, ZGROMADZONEPUNKTY) VALUES (165, 'Luiza', 'Wysocka', 397);
INSERT INTO PUBLIC.TURYSTA (ID, IMIE, NAZWISKO, ZGROMADZONEPUNKTY) VALUES (166, 'Wojciecha', 'Dudek', 991);
INSERT INTO PUBLIC.TURYSTA (ID, IMIE, NAZWISKO, ZGROMADZONEPUNKTY) VALUES (167, 'Roksana', 'Kowalczyk', 49);
INSERT INTO PUBLIC.TURYSTA (ID, IMIE, NAZWISKO, ZGROMADZONEPUNKTY) VALUES (168, 'Ela', 'Piotrowska', 808);
INSERT INTO PUBLIC.TURYSTA (ID, IMIE, NAZWISKO, ZGROMADZONEPUNKTY) VALUES (169, 'Świętopełk', 'Kowalski', 448);
INSERT INTO PUBLIC.TURYSTA (ID, IMIE, NAZWISKO, ZGROMADZONEPUNKTY) VALUES (170, 'Róża', 'Dudek', 733);
INSERT INTO PUBLIC.TURYSTA (ID, IMIE, NAZWISKO, ZGROMADZONEPUNKTY) VALUES (171, 'Jerzy', 'Czerwinski', 762);
INSERT INTO PUBLIC.TURYSTA (ID, IMIE, NAZWISKO, ZGROMADZONEPUNKTY) VALUES (172, 'Rościsław', 'Wieczorek', 235);
INSERT INTO PUBLIC.TURYSTA (ID, IMIE, NAZWISKO, ZGROMADZONEPUNKTY) VALUES (173, 'Bogusława', 'Kowalczyk', 363);
INSERT INTO PUBLIC.TURYSTA (ID, IMIE, NAZWISKO, ZGROMADZONEPUNKTY) VALUES (174, 'Bronisława', 'Dudek', 609);
INSERT INTO PUBLIC.TURYSTA (ID, IMIE, NAZWISKO, ZGROMADZONEPUNKTY) VALUES (175, 'Korneli', 'Borkowski', 5);
INSERT INTO PUBLIC.TURYSTA (ID, IMIE, NAZWISKO, ZGROMADZONEPUNKTY) VALUES (176, 'Jolanta', 'Szczepańska', 986);
INSERT INTO PUBLIC.TURYSTA (ID, IMIE, NAZWISKO, ZGROMADZONEPUNKTY) VALUES (177, 'Angelika', 'Rutkowska', 375);
INSERT INTO PUBLIC.TURYSTA (ID, IMIE, NAZWISKO, ZGROMADZONEPUNKTY) VALUES (178, 'Gabrysia', 'Sokołowska', 737);
INSERT INTO PUBLIC.TURYSTA (ID, IMIE, NAZWISKO, ZGROMADZONEPUNKTY) VALUES (179, 'Świętosław', 'Walczak', 12);
INSERT INTO PUBLIC.TURYSTA (ID, IMIE, NAZWISKO, ZGROMADZONEPUNKTY) VALUES (180, 'Świętopełk', 'Kwiatkowski', 588);
INSERT INTO PUBLIC.TURYSTA (ID, IMIE, NAZWISKO, ZGROMADZONEPUNKTY) VALUES (181, 'Celestyna', 'Jasińska', 282);
INSERT INTO PUBLIC.TURYSTA (ID, IMIE, NAZWISKO, ZGROMADZONEPUNKTY) VALUES (182, 'Serafin', 'Rutkowski', 645);
INSERT INTO PUBLIC.TURYSTA (ID, IMIE, NAZWISKO, ZGROMADZONEPUNKTY) VALUES (183, 'Małgorzata', 'Gorska', 791);
INSERT INTO PUBLIC.TURYSTA (ID, IMIE, NAZWISKO, ZGROMADZONEPUNKTY) VALUES (184, 'Gabrysia', 'Pawłowska', 585);
INSERT INTO PUBLIC.TURYSTA (ID, IMIE, NAZWISKO, ZGROMADZONEPUNKTY) VALUES (185, 'Dorota', 'Król', 681);
INSERT INTO PUBLIC.TURYSTA (ID, IMIE, NAZWISKO, ZGROMADZONEPUNKTY) VALUES (186, 'Karina', 'Kucharska', 738);
INSERT INTO PUBLIC.TURYSTA (ID, IMIE, NAZWISKO, ZGROMADZONEPUNKTY) VALUES (187, 'Kinga', 'Sokołowska', 859);
INSERT INTO PUBLIC.TURYSTA (ID, IMIE, NAZWISKO, ZGROMADZONEPUNKTY) VALUES (188, 'Gabrysz', 'Czarnecki', 72);
INSERT INTO PUBLIC.TURYSTA (ID, IMIE, NAZWISKO, ZGROMADZONEPUNKTY) VALUES (189, 'Janek', 'Kowalski', 865);
INSERT INTO PUBLIC.TURYSTA (ID, IMIE, NAZWISKO, ZGROMADZONEPUNKTY) VALUES (190, 'Martyna', 'Zawadzka', 700);
INSERT INTO PUBLIC.TURYSTA (ID, IMIE, NAZWISKO, ZGROMADZONEPUNKTY) VALUES (191, 'Kuba', 'Ostrowski', 576);
INSERT INTO PUBLIC.TURYSTA (ID, IMIE, NAZWISKO, ZGROMADZONEPUNKTY) VALUES (192, 'Amadej', 'Zielinski', 220);
INSERT INTO PUBLIC.TURYSTA (ID, IMIE, NAZWISKO, ZGROMADZONEPUNKTY) VALUES (193, 'Iwo', 'Kowalski', 608);
INSERT INTO PUBLIC.TURYSTA (ID, IMIE, NAZWISKO, ZGROMADZONEPUNKTY) VALUES (194, 'Izabella', 'Wysocka', 203);
INSERT INTO PUBLIC.TURYSTA (ID, IMIE, NAZWISKO, ZGROMADZONEPUNKTY) VALUES (195, 'Konstantyn', 'Kowalczyk', 28);
INSERT INTO PUBLIC.TURYSTA (ID, IMIE, NAZWISKO, ZGROMADZONEPUNKTY) VALUES (196, 'Wera', 'Zawadzka', 788);
INSERT INTO PUBLIC.TURYSTA (ID, IMIE, NAZWISKO, ZGROMADZONEPUNKTY) VALUES (197, 'Michalina', 'Nowak', 913);
INSERT INTO PUBLIC.TURYSTA (ID, IMIE, NAZWISKO, ZGROMADZONEPUNKTY) VALUES (198, 'Gracja', 'Pawłowska', 923);
INSERT INTO PUBLIC.TURYSTA (ID, IMIE, NAZWISKO, ZGROMADZONEPUNKTY) VALUES (199, 'Stanisław', 'Kucharski', 32);
INSERT INTO PUBLIC.TURYSTA (ID, IMIE, NAZWISKO, ZGROMADZONEPUNKTY) VALUES (200, 'Dorofiej', 'Wieczorek', 591);
INSERT INTO PUBLIC.TURYSTA (ID, IMIE, NAZWISKO, ZGROMADZONEPUNKTY) VALUES (201, 'Adrianna', 'Olszewska', 197);
INSERT INTO PUBLIC.TURYSTA (ID, IMIE, NAZWISKO, ZGROMADZONEPUNKTY) VALUES (202, 'Adelajda', 'Jasińska', 828);
INSERT INTO PUBLIC.TURYSTA (ID, IMIE, NAZWISKO, ZGROMADZONEPUNKTY) VALUES (203, 'Jeronim', 'Nowicki', 873);
INSERT INTO PUBLIC.TURYSTA (ID, IMIE, NAZWISKO, ZGROMADZONEPUNKTY) VALUES (204, 'Jerzy', 'Woźniak', 365);
INSERT INTO PUBLIC.TURYSTA (ID, IMIE, NAZWISKO, ZGROMADZONEPUNKTY) VALUES (205, 'Aleš', 'Wiśniewski', 897);
INSERT INTO PUBLIC.TURYSTA (ID, IMIE, NAZWISKO, ZGROMADZONEPUNKTY) VALUES (206, 'Gabrjel', 'Kwiatkowski', 783);
INSERT INTO PUBLIC.TURYSTA (ID, IMIE, NAZWISKO, ZGROMADZONEPUNKTY) VALUES (207, 'Gracja', 'Michalska', 141);
INSERT INTO PUBLIC.TURYSTA (ID, IMIE, NAZWISKO, ZGROMADZONEPUNKTY) VALUES (208, 'Czcibor', 'Wieczorek', 926);
INSERT INTO PUBLIC.TURYSTA (ID, IMIE, NAZWISKO, ZGROMADZONEPUNKTY) VALUES (209, 'Gustaw', 'Adamczyk', 185);
INSERT INTO PUBLIC.TURYSTA (ID, IMIE, NAZWISKO, ZGROMADZONEPUNKTY) VALUES (210, 'Jowita', 'Zielinska', 15);
INSERT INTO PUBLIC.TURYSTA (ID, IMIE, NAZWISKO, ZGROMADZONEPUNKTY) VALUES (211, 'Malina', 'Ostrowska', 353);
INSERT INTO PUBLIC.TURYSTA (ID, IMIE, NAZWISKO, ZGROMADZONEPUNKTY) VALUES (212, 'Szczeosny', 'Kowalczyk', 751);
INSERT INTO PUBLIC.TURYSTA (ID, IMIE, NAZWISKO, ZGROMADZONEPUNKTY) VALUES (213, 'Zoja', 'Adamczyk', 768);
INSERT INTO PUBLIC.TURYSTA (ID, IMIE, NAZWISKO, ZGROMADZONEPUNKTY) VALUES (214, 'Bogusława', 'Szczepańska', 960);
INSERT INTO PUBLIC.TURYSTA (ID, IMIE, NAZWISKO, ZGROMADZONEPUNKTY) VALUES (215, 'Basia', 'Duda', 607);
INSERT INTO PUBLIC.TURYSTA (ID, IMIE, NAZWISKO, ZGROMADZONEPUNKTY) VALUES (216, 'Walerian', 'Dąbrowski', 275);
INSERT INTO PUBLIC.TURYSTA (ID, IMIE, NAZWISKO, ZGROMADZONEPUNKTY) VALUES (217, 'Marik', 'Sokołowski', 643);
INSERT INTO PUBLIC.TURYSTA (ID, IMIE, NAZWISKO, ZGROMADZONEPUNKTY) VALUES (218, 'Jacek', 'Piotrowski', 766);
INSERT INTO PUBLIC.TURYSTA (ID, IMIE, NAZWISKO, ZGROMADZONEPUNKTY) VALUES (219, 'Ludmita', 'Grabowska', 952);
INSERT INTO PUBLIC.TURYSTA (ID, IMIE, NAZWISKO, ZGROMADZONEPUNKTY) VALUES (220, 'Metody', 'Szczepański', 217);
INSERT INTO PUBLIC.TURYSTA (ID, IMIE, NAZWISKO, ZGROMADZONEPUNKTY) VALUES (221, 'Katarzyna', 'Rutkowska', 156);
INSERT INTO PUBLIC.TURYSTA (ID, IMIE, NAZWISKO, ZGROMADZONEPUNKTY) VALUES (222, 'Karol', 'Zielinski', 70);
INSERT INTO PUBLIC.TURYSTA (ID, IMIE, NAZWISKO, ZGROMADZONEPUNKTY) VALUES (223, 'Walentyna', 'Piotrowska', 495);
INSERT INTO PUBLIC.TURYSTA (ID, IMIE, NAZWISKO, ZGROMADZONEPUNKTY) VALUES (224, 'Eliasz', 'Kowalczyk', 427);
INSERT INTO PUBLIC.TURYSTA (ID, IMIE, NAZWISKO, ZGROMADZONEPUNKTY) VALUES (225, 'Hanna', 'Sawicka', 260);
INSERT INTO PUBLIC.TURYSTA (ID, IMIE, NAZWISKO, ZGROMADZONEPUNKTY) VALUES (226, 'Martyn', 'Kowalski', 174);
INSERT INTO PUBLIC.TURYSTA (ID, IMIE, NAZWISKO, ZGROMADZONEPUNKTY) VALUES (227, 'Wera', 'Dąbrowski', 846);
INSERT INTO PUBLIC.TURYSTA (ID, IMIE, NAZWISKO, ZGROMADZONEPUNKTY) VALUES (228, 'Klementyna', 'Wiśniewska', 506);
INSERT INTO PUBLIC.TURYSTA (ID, IMIE, NAZWISKO, ZGROMADZONEPUNKTY) VALUES (229, 'Teodozja', 'Symanska', 290);
INSERT INTO PUBLIC.TURYSTA (ID, IMIE, NAZWISKO, ZGROMADZONEPUNKTY) VALUES (230, 'Iwona', 'Jaworska', 107);
INSERT INTO PUBLIC.TURYSTA (ID, IMIE, NAZWISKO, ZGROMADZONEPUNKTY) VALUES (231, 'Serafina', 'Zawadzka', 564);
INSERT INTO PUBLIC.TURYSTA (ID, IMIE, NAZWISKO, ZGROMADZONEPUNKTY) VALUES (232, 'Franciszek', 'Dąbrowski', 126);
INSERT INTO PUBLIC.TURYSTA (ID, IMIE, NAZWISKO, ZGROMADZONEPUNKTY) VALUES (233, 'Wera', 'Pawłowska', 834);
INSERT INTO PUBLIC.TURYSTA (ID, IMIE, NAZWISKO, ZGROMADZONEPUNKTY) VALUES (234, 'Wiga', 'Maciejewska', 155);
INSERT INTO PUBLIC.TURYSTA (ID, IMIE, NAZWISKO, ZGROMADZONEPUNKTY) VALUES (235, 'Kaja', 'Kamińska', 796);
INSERT INTO PUBLIC.TURYSTA (ID, IMIE, NAZWISKO, ZGROMADZONEPUNKTY) VALUES (236, 'Lechosława', 'Piotrowska', 276);
INSERT INTO PUBLIC.TURYSTA (ID, IMIE, NAZWISKO, ZGROMADZONEPUNKTY) VALUES (237, 'Wacław', 'Majewski', 221);
INSERT INTO PUBLIC.TURYSTA (ID, IMIE, NAZWISKO, ZGROMADZONEPUNKTY) VALUES (238, 'Patryk', 'Borkowski', 374);
INSERT INTO PUBLIC.TURYSTA (ID, IMIE, NAZWISKO, ZGROMADZONEPUNKTY) VALUES (239, 'Agnieszka', 'Kucharska', 938);
INSERT INTO PUBLIC.TURYSTA (ID, IMIE, NAZWISKO, ZGROMADZONEPUNKTY) VALUES (240, 'Adelajda', 'Adamska', 428);
INSERT INTO PUBLIC.TURYSTA (ID, IMIE, NAZWISKO, ZGROMADZONEPUNKTY) VALUES (241, 'Michał', 'Zając', 88);
INSERT INTO PUBLIC.TURYSTA (ID, IMIE, NAZWISKO, ZGROMADZONEPUNKTY) VALUES (242, 'Włodzisław', 'Adamski', 636);
INSERT INTO PUBLIC.TURYSTA (ID, IMIE, NAZWISKO, ZGROMADZONEPUNKTY) VALUES (243, 'Czcibor', 'Jasiński', 782);
INSERT INTO PUBLIC.TURYSTA (ID, IMIE, NAZWISKO, ZGROMADZONEPUNKTY) VALUES (244, 'Brygida', 'Tomaszewska', 573);
INSERT INTO PUBLIC.TURYSTA (ID, IMIE, NAZWISKO, ZGROMADZONEPUNKTY) VALUES (245, 'Juliusz', 'Zielinski', 145);
INSERT INTO PUBLIC.TURYSTA (ID, IMIE, NAZWISKO, ZGROMADZONEPUNKTY) VALUES (246, 'Bartosz', 'Tomaszewski', 149);
INSERT INTO PUBLIC.TURYSTA (ID, IMIE, NAZWISKO, ZGROMADZONEPUNKTY) VALUES (247, 'Korneliusz', 'Kucharski', 679);
INSERT INTO PUBLIC.TURYSTA (ID, IMIE, NAZWISKO, ZGROMADZONEPUNKTY) VALUES (248, 'Agnieszka', 'Król', 497);
INSERT INTO PUBLIC.TURYSTA (ID, IMIE, NAZWISKO, ZGROMADZONEPUNKTY) VALUES (249, 'Frydrych', 'Tomaszewski', 443);
INSERT INTO PUBLIC.TURYSTA (ID, IMIE, NAZWISKO, ZGROMADZONEPUNKTY) VALUES (250, 'Teodozja', 'Woźniak', 319);
INSERT INTO PUBLIC.TURYSTA (ID, IMIE, NAZWISKO, ZGROMADZONEPUNKTY) VALUES (251, 'Tekla', 'Kucharska', 760);
INSERT INTO PUBLIC.TURYSTA (ID, IMIE, NAZWISKO, ZGROMADZONEPUNKTY) VALUES (252, 'Sylwester', 'Kaczmarek', 335);
INSERT INTO PUBLIC.TURYSTA (ID, IMIE, NAZWISKO, ZGROMADZONEPUNKTY) VALUES (253, 'Tekla', 'Chmielewska', 956);
INSERT INTO PUBLIC.TURYSTA (ID, IMIE, NAZWISKO, ZGROMADZONEPUNKTY) VALUES (254, 'Dorota', 'Zawadzka', 17);
INSERT INTO PUBLIC.TURYSTA (ID, IMIE, NAZWISKO, ZGROMADZONEPUNKTY) VALUES (255, 'Janusz', 'Wiśniewski', 690);
INSERT INTO PUBLIC.TURYSTA (ID, IMIE, NAZWISKO, ZGROMADZONEPUNKTY) VALUES (256, 'Benedykta', 'Kowalska', 38);
INSERT INTO PUBLIC.TURYSTA (ID, IMIE, NAZWISKO, ZGROMADZONEPUNKTY) VALUES (257, 'Ziemowit', 'Chmielewski', 364);
INSERT INTO PUBLIC.TURYSTA (ID, IMIE, NAZWISKO, ZGROMADZONEPUNKTY) VALUES (258, 'Gabryŝ', 'Dudek', 206);
INSERT INTO PUBLIC.TURYSTA (ID, IMIE, NAZWISKO, ZGROMADZONEPUNKTY) VALUES (259, 'Cezar', 'Czerwinski', 606);
INSERT INTO PUBLIC.TURYSTA (ID, IMIE, NAZWISKO, ZGROMADZONEPUNKTY) VALUES (260, 'Władysława', 'Sobczak', 653);
INSERT INTO PUBLIC.TURYSTA (ID, IMIE, NAZWISKO, ZGROMADZONEPUNKTY) VALUES (261, 'Dobromił', 'Kucharski', 761);
INSERT INTO PUBLIC.TURYSTA (ID, IMIE, NAZWISKO, ZGROMADZONEPUNKTY) VALUES (262, 'Rafał', 'Maciejewski', 534);
INSERT INTO PUBLIC.TURYSTA (ID, IMIE, NAZWISKO, ZGROMADZONEPUNKTY) VALUES (263, 'Krystyna', 'Pawłowska', 345);
INSERT INTO PUBLIC.TURYSTA (ID, IMIE, NAZWISKO, ZGROMADZONEPUNKTY) VALUES (264, 'Kasia', 'Pawłowska', 857);
INSERT INTO PUBLIC.TURYSTA (ID, IMIE, NAZWISKO, ZGROMADZONEPUNKTY) VALUES (265, 'Ruta', 'Tomaszewska', 362);
INSERT INTO PUBLIC.TURYSTA (ID, IMIE, NAZWISKO, ZGROMADZONEPUNKTY) VALUES (266, 'Bolesława', 'Dudek', 183);
INSERT INTO PUBLIC.TURYSTA (ID, IMIE, NAZWISKO, ZGROMADZONEPUNKTY) VALUES (267, 'Szczeosny', 'Symanski', 82);
INSERT INTO PUBLIC.TURYSTA (ID, IMIE, NAZWISKO, ZGROMADZONEPUNKTY) VALUES (268, 'Świętomierz', 'Szczepański', 247);
INSERT INTO PUBLIC.TURYSTA (ID, IMIE, NAZWISKO, ZGROMADZONEPUNKTY) VALUES (269, 'Radzimierz', 'Czerwinski', 561);
INSERT INTO PUBLIC.TURYSTA (ID, IMIE, NAZWISKO, ZGROMADZONEPUNKTY) VALUES (270, 'Danuta', 'Sobczak', 425);
INSERT INTO PUBLIC.TURYSTA (ID, IMIE, NAZWISKO, ZGROMADZONEPUNKTY) VALUES (271, 'Celina', 'Kaczmarek', 758);
INSERT INTO PUBLIC.TURYSTA (ID, IMIE, NAZWISKO, ZGROMADZONEPUNKTY) VALUES (272, 'Józefa', 'Zawadzka', 285);
INSERT INTO PUBLIC.TURYSTA (ID, IMIE, NAZWISKO, ZGROMADZONEPUNKTY) VALUES (273, 'Lechosława', 'Jasińska', 612);
INSERT INTO PUBLIC.TURYSTA (ID, IMIE, NAZWISKO, ZGROMADZONEPUNKTY) VALUES (274, 'Klementyna', 'Dudek', 492);
INSERT INTO PUBLIC.TURYSTA (ID, IMIE, NAZWISKO, ZGROMADZONEPUNKTY) VALUES (275, 'Michalina', 'Grabowska', 171);
INSERT INTO PUBLIC.TURYSTA (ID, IMIE, NAZWISKO, ZGROMADZONEPUNKTY) VALUES (276, 'Walerian', 'Walczak', 263);
INSERT INTO PUBLIC.TURYSTA (ID, IMIE, NAZWISKO, ZGROMADZONEPUNKTY) VALUES (277, 'Radosława', 'Kalinowska', 181);
INSERT INTO PUBLIC.TURYSTA (ID, IMIE, NAZWISKO, ZGROMADZONEPUNKTY) VALUES (278, 'Dobromił', 'Zając', 511);
INSERT INTO PUBLIC.TURYSTA (ID, IMIE, NAZWISKO, ZGROMADZONEPUNKTY) VALUES (279, 'Albin', 'Woźniak', 595);
INSERT INTO PUBLIC.TURYSTA (ID, IMIE, NAZWISKO, ZGROMADZONEPUNKTY) VALUES (280, 'Wioletta', 'Wieczorek', 407);
INSERT INTO PUBLIC.TURYSTA (ID, IMIE, NAZWISKO, ZGROMADZONEPUNKTY) VALUES (281, 'Dorota', 'Majewska', 178);
INSERT INTO PUBLIC.TURYSTA (ID, IMIE, NAZWISKO, ZGROMADZONEPUNKTY) VALUES (282, 'Anastazy', 'Dudek', 328);
INSERT INTO PUBLIC.TURYSTA (ID, IMIE, NAZWISKO, ZGROMADZONEPUNKTY) VALUES (283, 'Adrianna', 'Wysocka', 549);
INSERT INTO PUBLIC.TURYSTA (ID, IMIE, NAZWISKO, ZGROMADZONEPUNKTY) VALUES (284, 'Waleria', 'Olszewska', 304);
INSERT INTO PUBLIC.TURYSTA (ID, IMIE, NAZWISKO, ZGROMADZONEPUNKTY) VALUES (285, 'Friderich', 'Dudek', 615);
INSERT INTO PUBLIC.TURYSTA (ID, IMIE, NAZWISKO, ZGROMADZONEPUNKTY) VALUES (286, 'Radosław', 'Pawlak', 558);
INSERT INTO PUBLIC.TURYSTA (ID, IMIE, NAZWISKO, ZGROMADZONEPUNKTY) VALUES (287, 'Jolanta', 'Woźniak', 887);
INSERT INTO PUBLIC.TURYSTA (ID, IMIE, NAZWISKO, ZGROMADZONEPUNKTY) VALUES (288, 'Oliwia', 'Wiśniewska', 59);
INSERT INTO PUBLIC.TURYSTA (ID, IMIE, NAZWISKO, ZGROMADZONEPUNKTY) VALUES (289, 'Marcin', 'Piotrowski', 545);
INSERT INTO PUBLIC.TURYSTA (ID, IMIE, NAZWISKO, ZGROMADZONEPUNKTY) VALUES (290, 'Bożydar', 'Sokołowski', 293);
INSERT INTO PUBLIC.TURYSTA (ID, IMIE, NAZWISKO, ZGROMADZONEPUNKTY) VALUES (291, 'Miłogost', 'Kozłowski', 623);
INSERT INTO PUBLIC.TURYSTA (ID, IMIE, NAZWISKO, ZGROMADZONEPUNKTY) VALUES (292, 'Stefania', 'Kozłowska', 349);
INSERT INTO PUBLIC.TURYSTA (ID, IMIE, NAZWISKO, ZGROMADZONEPUNKTY) VALUES (293, 'Benedykt', 'Michalski', 419);
INSERT INTO PUBLIC.TURYSTA (ID, IMIE, NAZWISKO, ZGROMADZONEPUNKTY) VALUES (294, 'Alojzy', 'Kalinowski', 245);
INSERT INTO PUBLIC.TURYSTA (ID, IMIE, NAZWISKO, ZGROMADZONEPUNKTY) VALUES (295, 'Nikodem', 'Pawlak', 158);
INSERT INTO PUBLIC.TURYSTA (ID, IMIE, NAZWISKO, ZGROMADZONEPUNKTY) VALUES (296, 'Seweryn', 'Kwiatkowski', 801);
INSERT INTO PUBLIC.TURYSTA (ID, IMIE, NAZWISKO, ZGROMADZONEPUNKTY) VALUES (297, 'Alicja', 'Gorska', 890);
INSERT INTO PUBLIC.TURYSTA (ID, IMIE, NAZWISKO, ZGROMADZONEPUNKTY) VALUES (298, 'Wojtek', 'Wojciechowski', 838);
INSERT INTO PUBLIC.TURYSTA (ID, IMIE, NAZWISKO, ZGROMADZONEPUNKTY) VALUES (299, 'Urjasz', 'Michalski', 498);
INSERT INTO PUBLIC.TURYSTA (ID, IMIE, NAZWISKO, ZGROMADZONEPUNKTY) VALUES (300, 'Józefa', 'Rutkowska', 383);
INSERT INTO PUBLIC.TURYSTA (ID, IMIE, NAZWISKO, ZGROMADZONEPUNKTY) VALUES (301, 'Klementyna', 'Kwiatkowska', 54);
INSERT INTO PUBLIC.TURYSTA (ID, IMIE, NAZWISKO, ZGROMADZONEPUNKTY) VALUES (302, 'Hainrich', 'Sobczak', 638);
INSERT INTO PUBLIC.TURYSTA (ID, IMIE, NAZWISKO, ZGROMADZONEPUNKTY) VALUES (303, 'Lesław', 'Jaworski', 745);
INSERT INTO PUBLIC.TURYSTA (ID, IMIE, NAZWISKO, ZGROMADZONEPUNKTY) VALUES (304, 'Krystian', 'Piotrowski', 649);
INSERT INTO PUBLIC.TURYSTA (ID, IMIE, NAZWISKO, ZGROMADZONEPUNKTY) VALUES (305, 'Cecylia', 'Grabowska', 552);
INSERT INTO PUBLIC.TURYSTA (ID, IMIE, NAZWISKO, ZGROMADZONEPUNKTY) VALUES (306, 'Ewa', 'Kalinowska', 143);
INSERT INTO PUBLIC.TURYSTA (ID, IMIE, NAZWISKO, ZGROMADZONEPUNKTY) VALUES (307, 'Oliwia', 'Rutkowska', 265);
INSERT INTO PUBLIC.TURYSTA (ID, IMIE, NAZWISKO, ZGROMADZONEPUNKTY) VALUES (308, 'Teofil', 'Tomaszewski', 226);
INSERT INTO PUBLIC.TURYSTA (ID, IMIE, NAZWISKO, ZGROMADZONEPUNKTY) VALUES (309, 'Karina', 'Jaworska', 73);
INSERT INTO PUBLIC.TURYSTA (ID, IMIE, NAZWISKO, ZGROMADZONEPUNKTY) VALUES (310, 'Małgorzata', 'Jasińska', 176);
INSERT INTO PUBLIC.TURYSTA (ID, IMIE, NAZWISKO, ZGROMADZONEPUNKTY) VALUES (311, 'Iwona', 'Jaworska', 160);
INSERT INTO PUBLIC.TURYSTA (ID, IMIE, NAZWISKO, ZGROMADZONEPUNKTY) VALUES (312, 'Maksymilian', 'Pawłowski', 67);
INSERT INTO PUBLIC.TURYSTA (ID, IMIE, NAZWISKO, ZGROMADZONEPUNKTY) VALUES (313, 'Jadzia', 'Król', 441);
INSERT INTO PUBLIC.TURYSTA (ID, IMIE, NAZWISKO, ZGROMADZONEPUNKTY) VALUES (314, 'Sulisław', 'Borkowski', 541);
INSERT INTO PUBLIC.UPRAWNIENIA_PRZODOWNIKOW (PRZODOWNIK_ID, GRUPAGORSKA_ID) VALUES (1, 1);
INSERT INTO PUBLIC.UPRAWNIENIA_PRZODOWNIKOW (PRZODOWNIK_ID, GRUPAGORSKA_ID) VALUES (1, 2);
INSERT INTO PUBLIC.UPRAWNIENIA_PRZODOWNIKOW (PRZODOWNIK_ID, GRUPAGORSKA_ID) VALUES (30, 11);
INSERT INTO PUBLIC.UPRAWNIENIA_PRZODOWNIKOW (PRZODOWNIK_ID, GRUPAGORSKA_ID) VALUES (13, 27);
INSERT INTO PUBLIC.UPRAWNIENIA_PRZODOWNIKOW (PRZODOWNIK_ID, GRUPAGORSKA_ID) VALUES (28, 38);
INSERT INTO PUBLIC.UPRAWNIENIA_PRZODOWNIKOW (PRZODOWNIK_ID, GRUPAGORSKA_ID) VALUES (30, 22);
INSERT INTO PUBLIC.UPRAWNIENIA_PRZODOWNIKOW (PRZODOWNIK_ID, GRUPAGORSKA_ID) VALUES (22, 33);
INSERT INTO PUBLIC.UPRAWNIENIA_PRZODOWNIKOW (PRZODOWNIK_ID, GRUPAGORSKA_ID) VALUES (19, 22);
INSERT INTO PUBLIC.UPRAWNIENIA_PRZODOWNIKOW (PRZODOWNIK_ID, GRUPAGORSKA_ID) VALUES (12, 14);
INSERT INTO PUBLIC.UPRAWNIENIA_PRZODOWNIKOW (PRZODOWNIK_ID, GRUPAGORSKA_ID) VALUES (15, 13);
INSERT INTO PUBLIC.UPRAWNIENIA_PRZODOWNIKOW (PRZODOWNIK_ID, GRUPAGORSKA_ID) VALUES (2, 41);
INSERT INTO PUBLIC.UPRAWNIENIA_PRZODOWNIKOW (PRZODOWNIK_ID, GRUPAGORSKA_ID) VALUES (15, 18);
INSERT INTO PUBLIC.UPRAWNIENIA_PRZODOWNIKOW (PRZODOWNIK_ID, GRUPAGORSKA_ID) VALUES (2, 28);
INSERT INTO PUBLIC.UPRAWNIENIA_PRZODOWNIKOW (PRZODOWNIK_ID, GRUPAGORSKA_ID) VALUES (21, 3);
INSERT INTO PUBLIC.UPRAWNIENIA_PRZODOWNIKOW (PRZODOWNIK_ID, GRUPAGORSKA_ID) VALUES (12, 29);
INSERT INTO PUBLIC.UPRAWNIENIA_PRZODOWNIKOW (PRZODOWNIK_ID, GRUPAGORSKA_ID) VALUES (23, 22);
INSERT INTO PUBLIC.UPRAWNIENIA_PRZODOWNIKOW (PRZODOWNIK_ID, GRUPAGORSKA_ID) VALUES (27, 40);
INSERT INTO PUBLIC.UPRAWNIENIA_PRZODOWNIKOW (PRZODOWNIK_ID, GRUPAGORSKA_ID) VALUES (30, 5);
INSERT INTO PUBLIC.UPRAWNIENIA_PRZODOWNIKOW (PRZODOWNIK_ID, GRUPAGORSKA_ID) VALUES (29, 11);
INSERT INTO PUBLIC.UPRAWNIENIA_PRZODOWNIKOW (PRZODOWNIK_ID, GRUPAGORSKA_ID) VALUES (19, 30);
INSERT INTO PUBLIC.UPRAWNIENIA_PRZODOWNIKOW (PRZODOWNIK_ID, GRUPAGORSKA_ID) VALUES (22, 30);
INSERT INTO PUBLIC.UPRAWNIENIA_PRZODOWNIKOW (PRZODOWNIK_ID, GRUPAGORSKA_ID) VALUES (17, 11);
INSERT INTO PUBLIC.UPRAWNIENIA_PRZODOWNIKOW (PRZODOWNIK_ID, GRUPAGORSKA_ID) VALUES (17, 40);
INSERT INTO PUBLIC.UPRAWNIENIA_PRZODOWNIKOW (PRZODOWNIK_ID, GRUPAGORSKA_ID) VALUES (19, 3);
INSERT INTO PUBLIC.UPRAWNIENIA_PRZODOWNIKOW (PRZODOWNIK_ID, GRUPAGORSKA_ID) VALUES (26, 35);
INSERT INTO PUBLIC.UPRAWNIENIA_PRZODOWNIKOW (PRZODOWNIK_ID, GRUPAGORSKA_ID) VALUES (9, 5);
INSERT INTO PUBLIC.UPRAWNIENIA_PRZODOWNIKOW (PRZODOWNIK_ID, GRUPAGORSKA_ID) VALUES (29, 41);
INSERT INTO PUBLIC.UPRAWNIENIA_PRZODOWNIKOW (PRZODOWNIK_ID, GRUPAGORSKA_ID) VALUES (9, 13);
INSERT INTO PUBLIC.UPRAWNIENIA_PRZODOWNIKOW (PRZODOWNIK_ID, GRUPAGORSKA_ID) VALUES (28, 31);
INSERT INTO PUBLIC.UPRAWNIENIA_PRZODOWNIKOW (PRZODOWNIK_ID, GRUPAGORSKA_ID) VALUES (21, 40);
INSERT INTO PUBLIC.UPRAWNIENIA_PRZODOWNIKOW (PRZODOWNIK_ID, GRUPAGORSKA_ID) VALUES (24, 34);
INSERT INTO PUBLIC.UPRAWNIENIA_PRZODOWNIKOW (PRZODOWNIK_ID, GRUPAGORSKA_ID) VALUES (8, 36);
INSERT INTO PUBLIC.UPRAWNIENIA_PRZODOWNIKOW (PRZODOWNIK_ID, GRUPAGORSKA_ID) VALUES (18, 7);
INSERT INTO PUBLIC.UPRAWNIENIA_PRZODOWNIKOW (PRZODOWNIK_ID, GRUPAGORSKA_ID) VALUES (4, 11);
INSERT INTO PUBLIC.UPRAWNIENIA_PRZODOWNIKOW (PRZODOWNIK_ID, GRUPAGORSKA_ID) VALUES (22, 41);
INSERT INTO PUBLIC.UPRAWNIENIA_PRZODOWNIKOW (PRZODOWNIK_ID, GRUPAGORSKA_ID) VALUES (18, 41);
INSERT INTO PUBLIC.UPRAWNIENIA_PRZODOWNIKOW (PRZODOWNIK_ID, GRUPAGORSKA_ID) VALUES (27, 12);
INSERT INTO PUBLIC.UPRAWNIENIA_PRZODOWNIKOW (PRZODOWNIK_ID, GRUPAGORSKA_ID) VALUES (28, 39);
INSERT INTO PUBLIC.UPRAWNIENIA_PRZODOWNIKOW (PRZODOWNIK_ID, GRUPAGORSKA_ID) VALUES (23, 41);
INSERT INTO PUBLIC.UPRAWNIENIA_PRZODOWNIKOW (PRZODOWNIK_ID, GRUPAGORSKA_ID) VALUES (2, 24);
INSERT INTO PUBLIC.UPRAWNIENIA_PRZODOWNIKOW (PRZODOWNIK_ID, GRUPAGORSKA_ID) VALUES (9, 21);
INSERT INTO PUBLIC.UPRAWNIENIA_PRZODOWNIKOW (PRZODOWNIK_ID, GRUPAGORSKA_ID) VALUES (6, 22);
INSERT INTO PUBLIC.UPRAWNIENIA_PRZODOWNIKOW (PRZODOWNIK_ID, GRUPAGORSKA_ID) VALUES (13, 32);
INSERT INTO PUBLIC.UPRAWNIENIA_PRZODOWNIKOW (PRZODOWNIK_ID, GRUPAGORSKA_ID) VALUES (22, 40);
INSERT INTO PUBLIC.UPRAWNIENIA_PRZODOWNIKOW (PRZODOWNIK_ID, GRUPAGORSKA_ID) VALUES (11, 4);
INSERT INTO PUBLIC.UPRAWNIENIA_PRZODOWNIKOW (PRZODOWNIK_ID, GRUPAGORSKA_ID) VALUES (28, 2);
INSERT INTO PUBLIC.UPRAWNIENIA_PRZODOWNIKOW (PRZODOWNIK_ID, GRUPAGORSKA_ID) VALUES (27, 32);
INSERT INTO PUBLIC.UPRAWNIENIA_PRZODOWNIKOW (PRZODOWNIK_ID, GRUPAGORSKA_ID) VALUES (8, 31);
INSERT INTO PUBLIC.UPRAWNIENIA_PRZODOWNIKOW (PRZODOWNIK_ID, GRUPAGORSKA_ID) VALUES (19, 33);
INSERT INTO PUBLIC.UPRAWNIENIA_PRZODOWNIKOW (PRZODOWNIK_ID, GRUPAGORSKA_ID) VALUES (26, 27);
INSERT INTO PUBLIC.UPRAWNIENIA_PRZODOWNIKOW (PRZODOWNIK_ID, GRUPAGORSKA_ID) VALUES (4, 40);
INSERT INTO PUBLIC.UPRAWNIENIA_PRZODOWNIKOW (PRZODOWNIK_ID, GRUPAGORSKA_ID) VALUES (24, 10);
INSERT INTO PUBLIC.UPRAWNIENIA_PRZODOWNIKOW (PRZODOWNIK_ID, GRUPAGORSKA_ID) VALUES (27, 29);
INSERT INTO PUBLIC.UPRAWNIENIA_PRZODOWNIKOW (PRZODOWNIK_ID, GRUPAGORSKA_ID) VALUES (23, 12);
INSERT INTO PUBLIC.UPRAWNIENIA_PRZODOWNIKOW (PRZODOWNIK_ID, GRUPAGORSKA_ID) VALUES (8, 33);
INSERT INTO PUBLIC.UPRAWNIENIA_PRZODOWNIKOW (PRZODOWNIK_ID, GRUPAGORSKA_ID) VALUES (10, 39);
INSERT INTO PUBLIC.UPRAWNIENIA_PRZODOWNIKOW (PRZODOWNIK_ID, GRUPAGORSKA_ID) VALUES (2, 12);
INSERT INTO PUBLIC.UPRAWNIENIA_PRZODOWNIKOW (PRZODOWNIK_ID, GRUPAGORSKA_ID) VALUES (23, 15);
INSERT INTO PUBLIC.UPRAWNIENIA_PRZODOWNIKOW (PRZODOWNIK_ID, GRUPAGORSKA_ID) VALUES (24, 31);
INSERT INTO PUBLIC.UPRAWNIENIA_PRZODOWNIKOW (PRZODOWNIK_ID, GRUPAGORSKA_ID) VALUES (10, 28);
INSERT INTO PUBLIC.UPRAWNIENIA_PRZODOWNIKOW (PRZODOWNIK_ID, GRUPAGORSKA_ID) VALUES (26, 10);
INSERT INTO PUBLIC.UPRAWNIENIA_PRZODOWNIKOW (PRZODOWNIK_ID, GRUPAGORSKA_ID) VALUES (22, 25);
INSERT INTO PUBLIC.UPRAWNIENIA_PRZODOWNIKOW (PRZODOWNIK_ID, GRUPAGORSKA_ID) VALUES (23, 35);
INSERT INTO PUBLIC.UPRAWNIENIA_PRZODOWNIKOW (PRZODOWNIK_ID, GRUPAGORSKA_ID) VALUES (6, 27);
INSERT INTO PUBLIC.UPRAWNIENIA_PRZODOWNIKOW (PRZODOWNIK_ID, GRUPAGORSKA_ID) VALUES (11, 11);
INSERT INTO PUBLIC.UPRAWNIENIA_PRZODOWNIKOW (PRZODOWNIK_ID, GRUPAGORSKA_ID) VALUES (24, 21);
INSERT INTO PUBLIC.UPRAWNIENIA_PRZODOWNIKOW (PRZODOWNIK_ID, GRUPAGORSKA_ID) VALUES (14, 21);
INSERT INTO PUBLIC.UPRAWNIENIA_PRZODOWNIKOW (PRZODOWNIK_ID, GRUPAGORSKA_ID) VALUES (26, 18);
INSERT INTO PUBLIC.UPRAWNIENIA_PRZODOWNIKOW (PRZODOWNIK_ID, GRUPAGORSKA_ID) VALUES (13, 12);
INSERT INTO PUBLIC.UPRAWNIENIA_PRZODOWNIKOW (PRZODOWNIK_ID, GRUPAGORSKA_ID) VALUES (10, 41);
INSERT INTO PUBLIC.UPRAWNIENIA_PRZODOWNIKOW (PRZODOWNIK_ID, GRUPAGORSKA_ID) VALUES (14, 18);
INSERT INTO PUBLIC.UPRAWNIENIA_PRZODOWNIKOW (PRZODOWNIK_ID, GRUPAGORSKA_ID) VALUES (25, 30);
INSERT INTO PUBLIC.UPRAWNIENIA_PRZODOWNIKOW (PRZODOWNIK_ID, GRUPAGORSKA_ID) VALUES (17, 24);
INSERT INTO PUBLIC.UPRAWNIENIA_PRZODOWNIKOW (PRZODOWNIK_ID, GRUPAGORSKA_ID) VALUES (4, 1);
INSERT INTO PUBLIC.UPRAWNIENIA_PRZODOWNIKOW (PRZODOWNIK_ID, GRUPAGORSKA_ID) VALUES (28, 10);
INSERT INTO PUBLIC.UPRAWNIENIA_PRZODOWNIKOW (PRZODOWNIK_ID, GRUPAGORSKA_ID) VALUES (4, 29);
INSERT INTO PUBLIC.UPRAWNIENIA_PRZODOWNIKOW (PRZODOWNIK_ID, GRUPAGORSKA_ID) VALUES (20, 37);
INSERT INTO PUBLIC.UPRAWNIENIA_PRZODOWNIKOW (PRZODOWNIK_ID, GRUPAGORSKA_ID) VALUES (16, 22);
INSERT INTO PUBLIC.UPRAWNIENIA_PRZODOWNIKOW (PRZODOWNIK_ID, GRUPAGORSKA_ID) VALUES (24, 33);
INSERT INTO PUBLIC.UPRAWNIENIA_PRZODOWNIKOW (PRZODOWNIK_ID, GRUPAGORSKA_ID) VALUES (6, 16);
INSERT INTO PUBLIC.UPRAWNIENIA_PRZODOWNIKOW (PRZODOWNIK_ID, GRUPAGORSKA_ID) VALUES (28, 18);
INSERT INTO PUBLIC.UPRAWNIENIA_PRZODOWNIKOW (PRZODOWNIK_ID, GRUPAGORSKA_ID) VALUES (9, 19);
INSERT INTO PUBLIC.UPRAWNIENIA_PRZODOWNIKOW (PRZODOWNIK_ID, GRUPAGORSKA_ID) VALUES (28, 14);
INSERT INTO PUBLIC.UPRAWNIENIA_PRZODOWNIKOW (PRZODOWNIK_ID, GRUPAGORSKA_ID) VALUES (3, 23);
INSERT INTO PUBLIC.UPRAWNIENIA_PRZODOWNIKOW (PRZODOWNIK_ID, GRUPAGORSKA_ID) VALUES (5, 34);
INSERT INTO PUBLIC.UPRAWNIENIA_PRZODOWNIKOW (PRZODOWNIK_ID, GRUPAGORSKA_ID) VALUES (12, 4);
INSERT INTO PUBLIC.UPRAWNIENIA_PRZODOWNIKOW (PRZODOWNIK_ID, GRUPAGORSKA_ID) VALUES (12, 4);
INSERT INTO PUBLIC.UPRAWNIENIA_PRZODOWNIKOW (PRZODOWNIK_ID, GRUPAGORSKA_ID) VALUES (11, 9);
INSERT INTO PUBLIC.UPRAWNIENIA_PRZODOWNIKOW (PRZODOWNIK_ID, GRUPAGORSKA_ID) VALUES (10, 31);
INSERT INTO PUBLIC.UPRAWNIENIA_PRZODOWNIKOW (PRZODOWNIK_ID, GRUPAGORSKA_ID) VALUES (11, 25);
INSERT INTO PUBLIC.UPRAWNIENIA_PRZODOWNIKOW (PRZODOWNIK_ID, GRUPAGORSKA_ID) VALUES (25, 35);
INSERT INTO PUBLIC.UPRAWNIENIA_PRZODOWNIKOW (PRZODOWNIK_ID, GRUPAGORSKA_ID) VALUES (23, 28);
INSERT INTO PUBLIC.UPRAWNIENIA_PRZODOWNIKOW (PRZODOWNIK_ID, GRUPAGORSKA_ID) VALUES (17, 13);
INSERT INTO PUBLIC.UPRAWNIENIA_PRZODOWNIKOW (PRZODOWNIK_ID, GRUPAGORSKA_ID) VALUES (14, 39);
INSERT INTO PUBLIC.UPRAWNIENIA_PRZODOWNIKOW (PRZODOWNIK_ID, GRUPAGORSKA_ID) VALUES (10, 2);
INSERT INTO PUBLIC.UPRAWNIENIA_PRZODOWNIKOW (PRZODOWNIK_ID, GRUPAGORSKA_ID) VALUES (20, 17);
INSERT INTO PUBLIC.UPRAWNIENIA_PRZODOWNIKOW (PRZODOWNIK_ID, GRUPAGORSKA_ID) VALUES (10, 12);
INSERT INTO PUBLIC.UPRAWNIENIA_PRZODOWNIKOW (PRZODOWNIK_ID, GRUPAGORSKA_ID) VALUES (19, 21);
INSERT INTO PUBLIC.UPRAWNIENIA_PRZODOWNIKOW (PRZODOWNIK_ID, GRUPAGORSKA_ID) VALUES (20, 14);
INSERT INTO PUBLIC.UPRAWNIENIA_PRZODOWNIKOW (PRZODOWNIK_ID, GRUPAGORSKA_ID) VALUES (20, 31);
INSERT INTO PUBLIC.WEDROWKA (ID, DATAWEDROWKI, NAZWAWEDROWKI, PUNKTYZAWEDROWKE, TURYSTA_ID) VALUES (1, '2019-01-01 00:00:00.000000000', 'Noworoczny spacerek', 5, 1);
INSERT INTO PUBLIC.WEDROWKA (ID, DATAWEDROWKI, NAZWAWEDROWKI, PUNKTYZAWEDROWKE, TURYSTA_ID) VALUES (2, '2019-01-06 00:00:00.000000000', 'Niedziela wieczór', 13, 2);
INSERT INTO PUBLIC.WEDROWKA (ID, DATAWEDROWKI, NAZWAWEDROWKI, PUNKTYZAWEDROWKE, TURYSTA_ID) VALUES (3, '2019-01-07 00:00:00.000000000', 'Poniedziałkowe orzeźwienie', 7, 7);
INSERT INTO PUBLIC.WEDROWKA (ID, DATAWEDROWKI, NAZWAWEDROWKI, PUNKTYZAWEDROWKE, TURYSTA_ID) VALUES (4, '2019-01-07 00:00:00.000000000', 'Znowu w góry', 12, 8);
INSERT INTO PUBLIC.WEDROWKA (ID, DATAWEDROWKI, NAZWAWEDROWKI, PUNKTYZAWEDROWKE, TURYSTA_ID) VALUES (5, '2019-01-07 00:00:00.000000000', 'Znowu...', 32, 8);
INSERT INTO PUBLIC.WEDROWKA (ID, DATAWEDROWKI, NAZWAWEDROWKI, PUNKTYZAWEDROWKE, TURYSTA_ID) VALUES (7, '2019-01-08 00:00:00.000000000', 'I znowu...', 23, 9);
INSERT INTO PUBLIC.WEDROWKA (ID, DATAWEDROWKI, NAZWAWEDROWKI, PUNKTYZAWEDROWKE, TURYSTA_ID) VALUES (8, '2019-01-08 00:00:00.000000000', 'I znowu...', 12, 10);
INSERT INTO PUBLIC.WEDROWKA (ID, DATAWEDROWKI, NAZWAWEDROWKI, PUNKTYZAWEDROWKE, TURYSTA_ID) VALUES (9, '2019-01-08 00:00:00.000000000', 'I znowu...', 12, 12);
INSERT INTO PUBLIC.WEDROWKA (ID, DATAWEDROWKI, NAZWAWEDROWKI, PUNKTYZAWEDROWKE, TURYSTA_ID) VALUES (10, '2019-01-09 00:00:00.000000000', 'I znowu...', 11, 50);
INSERT INTO PUBLIC.WEDROWKA (ID, DATAWEDROWKI, NAZWAWEDROWKI, PUNKTYZAWEDROWKE, TURYSTA_ID) VALUES (11, '2019-01-09 00:00:00.000000000', 'I znowu...', 21, 51);
INSERT INTO PUBLIC.WEDROWKA (ID, DATAWEDROWKI, NAZWAWEDROWKI, PUNKTYZAWEDROWKE, TURYSTA_ID) VALUES (12, '2019-01-10 00:00:00.000000000', 'I znowu...', 32, 222);
INSERT INTO PUBLIC.WEDROWKA (ID, DATAWEDROWKI, NAZWAWEDROWKI, PUNKTYZAWEDROWKE, TURYSTA_ID) VALUES (13, '2019-01-10 00:00:00.000000000', 'I znowu...', 16, 111);
